{
    "@odata.context": "/redfish/v1/$metadata#JsonSchemaFile.JsonSchemaFile",
    "@odata.etag": "W/\"76D93C51\"",
    "@odata.id": "/redfish/v1/JsonSchemas/HpeiLOServiceExt",
    "@odata.type": "#JsonSchemaFile.v1_0_4.JsonSchemaFile",
    "Id": "HpeiLOServiceExt",
    "Description": "Schema Definition File for HpeiLOServiceExt",
    "Languages": [
        "en"
    ],
    "Location": [
        {
            "Language": "en",
            "Uri": "/redfish/v1/SchemaStore/en/HpeiLOServiceExt.json"
        }
    ],
    "Name": "HpeiLOServiceExt Schema Definition File",
    "Schema": "#HpeiLOServiceExt.v2_4_0.HpeiLOServiceExt"
}