{
    "@odata.context": "/redfish/v1/$metadata#JsonSchemaFile.JsonSchemaFile",
    "@odata.etag": "W/\"1BAB1F91\"",
    "@odata.id": "/redfish/v1/JsonSchemas/ComputerSystem",
    "@odata.type": "#JsonSchemaFile.v1_0_4.JsonSchemaFile",
    "Id": "ComputerSystem",
    "Description": "Schema Definition File for ComputerSystem",
    "Languages": [
        "en"
    ],
    "Location": [
        {
            "Language": "en",
            "Uri": "/redfish/v1/SchemaStore/en/ComputerSystem.json"
        }
    ],
    "Name": "ComputerSystem Schema Definition File",
    "Schema": "#ComputerSystem.v1_13_0.ComputerSystem"
}