{
    "@odata.context": "/redfish/v1/$metadata#JsonSchemaFile.JsonSchemaFile",
    "@odata.etag": "W/\"81984B64\"",
    "@odata.id": "/redfish/v1/JsonSchemas/HpeSecureEraseReportCollection",
    "@odata.type": "#JsonSchemaFile.v1_0_4.JsonSchemaFile",
    "Id": "HpeSecureEraseReportCollection",
    "Description": "Schema Definition File for HpeSecureEraseReportCollection",
    "Languages": [
        "en"
    ],
    "Location": [
        {
            "Language": "en",
            "Uri": "/redfish/v1/SchemaStore/en/HpeSecureEraseReportCollection.json"
        }
    ],
    "Name": "HpeSecureEraseReportCollection Schema Definition File",
    "Schema": "#HpeSecureEraseReportCollection.HpeSecureEraseReportCollection"
}