{
    "@odata.context": "/redfish/v1/$metadata#AccountService.AccountService",
    "@odata.etag": "W/\"1CFEA697\"",
    "@odata.id": "/redfish/v1/AccountService",
    "@odata.type": "#AccountService.v1_5_0.AccountService",
    "Id": "AccountService",
    "Accounts": {
        "@odata.id": "/redfish/v1/AccountService/Accounts"
    },
    "ActiveDirectory": {
        "AccountProviderType": "ActiveDirectoryService",
        "Authentication": {
            "AuthenticationType": "UsernameAndPassword",
            "Password": null,
            "Username": "ilotest"
        },
        "ServiceAddresses": [
            "10.1.1.1:777"
        ],
        "ServiceEnabled": true
    },
    "Description": "iLO User Accounts",
    "LDAP": {
        "AccountProviderType": "ActiveDirectoryService",
        "Authentication": {
            "AuthenticationType": "UsernameAndPassword",
            "Password": null,
            "Username": "ilotest"
        },
        "Certificates": {
            "@odata.id": "/redfish/v1/AccountService/ExternalAccountProviders/LDAP/Certificates"
        },
        "LDAPService": {
            "SearchSettings": {}
        },
        "ServiceAddresses": [
            "192.168.1.1:636"
        ],
        "ServiceEnabled": true
    },
    "LocalAccountAuth": "Enabled",
    "MinPasswordLength": 8,
    "Name": "Account Service",
    "Oem": {
        "Hpe": {
            "@odata.context": "/redfish/v1/$metadata#HpeiLOAccountService.HpeiLOAccountService",
            "@odata.id": "/redfish/v1/AccountService",
            "@odata.type": "#HpeiLOAccountService.v2_3_0.HpeiLOAccountService",
            "Id": "AccountService",
            "Actions": {
                "#HpeiLOAccountService.ImportKerberosKeytab": {
                    "target": "/redfish/v1/AccountService/Actions/Oem/Hpe/HpeiLOAccountService.ImportKerberosKeytab"
                }
            },
            "AuthFailureDelayTimeSeconds": 10,
            "AuthFailureLoggingThreshold": 3,
            "AuthFailuresBeforeDelay": 1,
            "DefaultPassword": null,
            "DefaultUserName": null,
            "DirectorySettings": {
                "LdapAuthenticationMode": "ExtendedSchema",
                "LdapCaCertificateLoaded": false,
                "LdapCaCertificates": {
                    "@odata.id": "/redfish/v1/AccountService/ExternalAccountProviders/LDAP/Certificates"
                },
                "LdapServerPort": 636
            },
            "DirectoryTest": {
                "@odata.id": "/redfish/v1/AccountService/DirectoryTest"
            },
            "EnforcePasswordComplexity": false,
            "KerberosSettings": {
                "KDCServerPort": 777,
                "KerberosRealm": "Restrealm"
            },
            "MinPasswordLength": 8
        }
    },
    "Roles": {
        "@odata.id": "/redfish/v1/AccountService/Roles"
    }
}