{
    "@odata.context": "/redfish/v1/$metadata#JsonSchemaFile.JsonSchemaFile",
    "@odata.etag": "W/\"B709A2DC\"",
    "@odata.id": "/redfish/v1/JsonSchemas/HpeSmartStorageStorageEnclosureCollection",
    "@odata.type": "#JsonSchemaFile.v1_0_4.JsonSchemaFile",
    "Id": "HpeSmartStorageStorageEnclosureCollection",
    "Description": "Schema Definition File for HpeSmartStorageStorageEnclosureCollection",
    "Languages": [
        "en"
    ],
    "Location": [
        {
            "Language": "en",
            "Uri": "/redfish/v1/SchemaStore/en/HpeSmartStorageStorageEnclosureCollection.json"
        }
    ],
    "Name": "HpeSmartStorageStorageEnclosureCollection Schema Definition File",
    "Schema": "#HpeSmartStorageStorageEnclosureCollection.HpeSmartStorageStorageEnclosureCollection"
}