{
    "@odata.context": "/redfish/v1/$metadata#RoleCollection.RoleCollection",
    "@odata.etag": "W/\"E589C4BF\"",
    "@odata.id": "/redfish/v1/AccountService/Roles",
    "@odata.type": "#RoleCollection.RoleCollection",
    "Description": "iLO Roles Collection",
    "Name": "Roles",
    "Members": [
        {
            "@odata.id": "/redfish/v1/AccountService/Roles/Administrator"
        },
        {
            "@odata.id": "/redfish/v1/AccountService/Roles/Operator"
        },
        {
            "@odata.id": "/redfish/v1/AccountService/Roles/ReadOnly"
        }
    ],
    "Members@odata.count": 3
}