{
    "@odata.context": "/redfish/v1/$metadata#JsonSchemaFile.JsonSchemaFile",
    "@odata.etag": "W/\"25430A4D\"",
    "@odata.id": "/redfish/v1/JsonSchemas/HpeSmartStorageArrayControllerCollection",
    "@odata.type": "#JsonSchemaFile.v1_0_4.JsonSchemaFile",
    "Id": "HpeSmartStorageArrayControllerCollection",
    "Description": "Schema Definition File for HpeSmartStorageArrayControllerCollection",
    "Languages": [
        "en"
    ],
    "Location": [
        {
            "Language": "en",
            "Uri": "/redfish/v1/SchemaStore/en/HpeSmartStorageArrayControllerCollection.json"
        }
    ],
    "Name": "HpeSmartStorageArrayControllerCollection Schema Definition File",
    "Schema": "#HpeSmartStorageArrayControllerCollection.HpeSmartStorageArrayControllerCollection"
}