{
    "@odata.context": "/redfish/v1/$metadata#JsonSchemaFile.JsonSchemaFile",
    "@odata.etag": "W/\"A4856B72\"",
    "@odata.id": "/redfish/v1/JsonSchemas/HpeProcessorExt",
    "@odata.type": "#JsonSchemaFile.v1_0_4.JsonSchemaFile",
    "Id": "HpeProcessorExt",
    "Description": "Schema Definition File for HpeProcessorExt",
    "Languages": [
        "en"
    ],
    "Location": [
        {
            "Language": "en",
            "Uri": "/redfish/v1/SchemaStore/en/HpeProcessorExt.json"
        }
    ],
    "Name": "HpeProcessorExt Schema Definition File",
    "Schema": "#HpeProcessorExt.v2_0_1.HpeProcessorExt"
}