{
    "@odata.context": "/redfish/v1/$metadata#HpeServerDevice.HpeServerDevice",
    "@odata.etag": "W/\"3D6BAE37\"",
    "@odata.id": "/redfish/v1/Chassis/1/Devices/2",
    "@odata.type": "#HpeServerDevice.v2_1_0.HpeServerDevice",
    "Id": "2",
    "DeviceType": "Unknown",
    "FirmwareVersion": {
        "Current": {
            "VersionString": "N/A"
        }
    },
    "Links": {
        "PCISlot": {
            "@odata.id": "/redfish/v1/Systems/1/PCISlots/2"
        }
    },
    "Location": "PCI-E Slot 2",
    "Manufacturer": "",
    "Name": "Empty slot 2",
    "PartNumber": "",
    "ProductPartNumber": "",
    "ProductVersion": "",
    "SerialNumber": "",
    "Status": {
        "State": "Absent"
    }
}