{
    "@odata.context": "/redfish/v1/$metadata#JsonSchemaFile.JsonSchemaFile",
    "@odata.etag": "W/\"E54C0810\"",
    "@odata.id": "/redfish/v1/JsonSchemas/HostInterface",
    "@odata.type": "#JsonSchemaFile.v1_0_4.JsonSchemaFile",
    "Id": "HostInterface",
    "Description": "Schema Definition File for HostInterface",
    "Languages": [
        "en"
    ],
    "Location": [
        {
            "Language": "en",
            "Uri": "/redfish/v1/SchemaStore/en/HostInterface.json"
        }
    ],
    "Name": "HostInterface Schema Definition File",
    "Schema": "#HostInterface.v1_1_1.HostInterface"
}