{
    "@odata.context": "/redfish/v1/$metadata#JsonSchemaFile.JsonSchemaFile",
    "@odata.etag": "W/\"687A1141\"",
    "@odata.id": "/redfish/v1/JsonSchemas/HpeServerAccHddZone",
    "@odata.type": "#JsonSchemaFile.v1_0_4.JsonSchemaFile",
    "Id": "HpeServerAccHddZone",
    "Description": "Schema Definition File for HpeServerAccHddZone",
    "Languages": [
        "en"
    ],
    "Location": [
        {
            "Language": "en",
            "Uri": "/redfish/v1/SchemaStore/en/HpeServerAccHddZone.json"
        }
    ],
    "Name": "HpeServerAccHddZone Schema Definition File",
    "Schema": "#HpeServerAccHddZone.v1_0_0.HpeServerAccHddZone"
}