{
    "@odata.context": "/redfish/v1/$metadata#JsonSchemaFile.JsonSchemaFile",
    "@odata.etag": "W/\"09342C00\"",
    "@odata.id": "/redfish/v1/JsonSchemas/HpeiLOFederationGroupCollection",
    "@odata.type": "#JsonSchemaFile.v1_0_4.JsonSchemaFile",
    "Id": "HpeiLOFederationGroupCollection",
    "Description": "Schema Definition File for HpeiLOFederationGroupCollection",
    "Languages": [
        "en"
    ],
    "Location": [
        {
            "Language": "en",
            "Uri": "/redfish/v1/SchemaStore/en/HpeiLOFederationGroupCollection.json"
        }
    ],
    "Name": "HpeiLOFederationGroupCollection Schema Definition File",
    "Schema": "#HpeiLOFederationGroupCollection.HpeiLOFederationGroupCollection"
}