{
    "@odata.context": "/redfish/v1/$metadata#JsonSchemaFile.JsonSchemaFile",
    "@odata.etag": "W/\"AB932E95\"",
    "@odata.id": "/redfish/v1/JsonSchemas/HpeSmartStorageHostBusAdapterCollection",
    "@odata.type": "#JsonSchemaFile.v1_0_4.JsonSchemaFile",
    "Id": "HpeSmartStorageHostBusAdapterCollection",
    "Description": "Schema Definition File for HpeSmartStorageHostBusAdapterCollection",
    "Languages": [
        "en"
    ],
    "Location": [
        {
            "Language": "en",
            "Uri": "/redfish/v1/SchemaStore/en/HpeSmartStorageHostBusAdapterCollection.json"
        }
    ],
    "Name": "HpeSmartStorageHostBusAdapterCollection Schema Definition File",
    "Schema": "#HpeSmartStorageHostBusAdapterCollection.HpeSmartStorageHostBusAdapterCollection"
}