{
    "@odata.context": "/redfish/v1/$metadata#JsonSchemaFile.JsonSchemaFile",
    "@odata.etag": "W/\"2E181A97\"",
    "@odata.id": "/redfish/v1/JsonSchemas/HpeiLOVirtualMedia",
    "@odata.type": "#JsonSchemaFile.v1_0_4.JsonSchemaFile",
    "Id": "HpeiLOVirtualMedia",
    "Description": "Schema Definition File for HpeiLOVirtualMedia",
    "Languages": [
        "en"
    ],
    "Location": [
        {
            "Language": "en",
            "Uri": "/redfish/v1/SchemaStore/en/HpeiLOVirtualMedia.json"
        }
    ],
    "Name": "HpeiLOVirtualMedia Schema Definition File",
    "Schema": "#HpeiLOVirtualMedia.v2_2_0.HpeiLOVirtualMedia"
}