{
    "@odata.context": "/redfish/v1/$metadata#Chassis.Chassis",
    "@odata.etag": "W/\"D82E2EF8\"",
    "@odata.id": "/redfish/v1/Chassis/1",
    "@odata.type": "#Chassis.v1_11_2.Chassis",
    "Id": "1",
    "AssetTag": "abcd",
    "ChassisType": "RackMount",
    "IndicatorLED": "Lit",
    "Links": {
        "ManagedBy": [
            {
                "@odata.id": "/redfish/v1/Managers/1"
            }
        ],
        "ComputerSystems": [
            {
                "@odata.id": "/redfish/v1/Systems/1"
            }
        ]
    },
    "Manufacturer": "HPE",
    "Model": "ProLiant DL360 Gen10",
    "Name": "Computer System Chassis",
    "NetworkAdapters": {
        "@odata.id": "/redfish/v1/Chassis/1/NetworkAdapters"
    },
    "Oem": {
        "Hpe": {
            "@odata.context": "/redfish/v1/$metadata#HpeServerChassis.HpeServerChassis",
            "@odata.type": "#HpeServerChassis.v2_3_1.HpeServerChassis",
            "Actions": {
                "#HpeServerChassis.DisableMCTPOnServer": {
                    "target": "/redfish/v1/Chassis/1/Actions/Oem/Hpe/HpeServerChassis.DisableMCTPOnServer"
                },
                "#HpeServerChassis.FactoryResetMCTP": {
                    "target": "/redfish/v1/Chassis/1/Actions/Oem/Hpe/HpeServerChassis.FactoryResetMCTP"
                }
            },
            "ElConfigOverride": false,
            "Firmware": {
                "PlatformDefinitionTable": {
                    "Current": {
                        "VersionString": "16.5.0 Build 24"
                    }
                },
                "PowerManagementController": {
                    "Current": {
                        "VersionString": "1.0.8"
                    }
                },
                "PowerManagementControllerBootloader": {
                    "Current": {
                        "Family": "25",
                        "VersionString": "1.1"
                    }
                },
                "SPSFirmwareVersionData": {
                    "Current": {
                        "VersionString": "4.1.4.601"
                    }
                },
                "SystemProgrammableLogicDevice": {
                    "Current": {
                        "VersionString": "0x2A"
                    }
                }
            },
            "Links": {
                "Devices": {
                    "@odata.id": "/redfish/v1/Chassis/1/Devices"
                }
            },
            "SmartStorageBattery": [
                {
                    "ChargeLevelPercent": 99,
                    "FirmwareVersion": "0.60",
                    "Index": 1,
                    "MaximumCapWatts": 96,
                    "Model": "875241-B21",
                    "ProductName": "HPE Smart Storage Battery ",
                    "RemainingChargeTimeSeconds": 37,
                    "SerialNumber": "6WQXL0BB2BI7KR",
                    "SparePartNumber": "878643-001",
                    "Status": {
                        "Health": "OK",
                        "State": "Enabled"
                    }
                }
            ],
            "SystemMaintenanceSwitches": {
                "Sw1": "Off",
                "Sw10": "Off",
                "Sw11": "Off",
                "Sw12": "Off",
                "Sw2": "Off",
                "Sw3": "Off",
                "Sw4": "Off",
                "Sw5": "Off",
                "Sw6": "Off",
                "Sw7": "Off",
                "Sw8": "Off",
                "Sw9": "Off"
            }
        }
    },
    "PCIeDevices": {
        "@odata.id": "/redfish/v1/Chassis/1/PCIeDevices"
    },
    "PCIeSlots": {
        "@odata.id": "/redfish/v1/Chassis/1/PCIeSlots"
    },
    "Power": {
        "@odata.id": "/redfish/v1/Chassis/1/Power"
    },
    "PowerState": "On",
    "SKU": "867959-B21",
    "SerialNumber": "SGH849SCKF",
    "Status": {
        "Health": "OK",
        "State": "Starting"
    },
    "Thermal": {
        "@odata.id": "/redfish/v1/Chassis/1/Thermal"
    }
}