{
    "@odata.context": "/redfish/v1/$metadata#JsonSchemaFile.JsonSchemaFile",
    "@odata.etag": "W/\"2905827E\"",
    "@odata.id": "/redfish/v1/JsonSchemas/HpeServerConfigLock.v1_0_0.HpeServerConfigLock",
    "@odata.type": "#JsonSchemaFile.v1_0_4.JsonSchemaFile",
    "Id": "HpeServerConfigLock.v1_0_0.HpeServerConfigLock",
    "Description": "Schema Definition File for #HpeServerConfigLock.v1_0_0.HpeServerConfigLock",
    "Languages": [
        "en"
    ],
    "Location": [
        {
            "Language": "en",
            "Uri": "/redfish/v1/schemastore/en/hpeserverconfiglock.v1_0_0.json"
        }
    ],
    "Name": "#HpeServerConfigLock.v1_0_0.HpeServerConfigLock Schema Definition File",
    "Schema": "#HpeServerConfigLock.v1_0_0.HpeServerConfigLock"
}