{
    "@odata.context": "/redfish/v1/$metadata#JsonSchemaFile.JsonSchemaFile",
    "@odata.etag": "W/\"4FB7206B\"",
    "@odata.id": "/redfish/v1/JsonSchemas/HpeiLOAccountCertificateMapCollection",
    "@odata.type": "#JsonSchemaFile.v1_0_4.JsonSchemaFile",
    "Id": "HpeiLOAccountCertificateMapCollection",
    "Description": "Schema Definition File for HpeiLOAccountCertificateMapCollection",
    "Languages": [
        "en"
    ],
    "Location": [
        {
            "Language": "en",
            "Uri": "/redfish/v1/SchemaStore/en/HpeiLOAccountCertificateMapCollection.json"
        }
    ],
    "Name": "HpeiLOAccountCertificateMapCollection Schema Definition File",
    "Schema": "#HpeiLOAccountCertificateMapCollection.HpeiLOAccountCertificateMapCollection"
}