{
    "@odata.context": "/redfish/v1/$metadata#JsonSchemaFile.JsonSchemaFile",
    "@odata.etag": "W/\"6B95B82E\"",
    "@odata.id": "/redfish/v1/JsonSchemas/HpeSmartStorageHostBusAdapter",
    "@odata.type": "#JsonSchemaFile.v1_0_4.JsonSchemaFile",
    "Id": "HpeSmartStorageHostBusAdapter",
    "Description": "Schema Definition File for HpeSmartStorageHostBusAdapter",
    "Languages": [
        "en"
    ],
    "Location": [
        {
            "Language": "en",
            "Uri": "/redfish/v1/SchemaStore/en/HpeSmartStorageHostBusAdapter.json"
        }
    ],
    "Name": "HpeSmartStorageHostBusAdapter Schema Definition File",
    "Schema": "#HpeSmartStorageHostBusAdapter.v2_0_0.HpeSmartStorageHostBusAdapter"
}