{
    "@odata.context": "/redfish/v1/$metadata#JsonSchemaFile.JsonSchemaFile",
    "@odata.etag": "W/\"D7E266F2\"",
    "@odata.id": "/redfish/v1/JsonSchemas/CertificateCollection",
    "@odata.type": "#JsonSchemaFile.v1_0_4.JsonSchemaFile",
    "Id": "CertificateCollection",
    "Description": "Schema Definition File for CertificateCollection",
    "Languages": [
        "en"
    ],
    "Location": [
        {
            "Language": "en",
            "Uri": "/redfish/v1/SchemaStore/en/CertificateCollection.json"
        }
    ],
    "Name": "CertificateCollection Schema Definition File",
    "Schema": "#CertificateCollection.CertificateCollection"
}