{
    "@odata.context": "/redfish/v1/$metadata#JsonSchemaFile.JsonSchemaFile",
    "@odata.etag": "W/\"7F00AD77\"",
    "@odata.id": "/redfish/v1/JsonSchemas/HpePowerMetricsExt",
    "@odata.type": "#JsonSchemaFile.v1_0_4.JsonSchemaFile",
    "Id": "HpePowerMetricsExt",
    "Description": "Schema Definition File for HpePowerMetricsExt",
    "Languages": [
        "en"
    ],
    "Location": [
        {
            "Language": "en",
            "Uri": "/redfish/v1/SchemaStore/en/HpePowerMetricsExt.json"
        }
    ],
    "Name": "HpePowerMetricsExt Schema Definition File",
    "Schema": "#HpePowerMetricsExt.v2_3_0.HpePowerMetricsExt"
}