{
    "@odata.context": "/redfish/v1/$metadata#JsonSchemaFile.JsonSchemaFile",
    "@odata.etag": "W/\"25CD3102\"",
    "@odata.id": "/redfish/v1/JsonSchemas/HpeComponentInstallSetCollection",
    "@odata.type": "#JsonSchemaFile.v1_0_4.JsonSchemaFile",
    "Id": "HpeComponentInstallSetCollection",
    "Description": "Schema Definition File for HpeComponentInstallSetCollection",
    "Languages": [
        "en"
    ],
    "Location": [
        {
            "Language": "en",
            "Uri": "/redfish/v1/SchemaStore/en/HpeComponentInstallSetCollection.json"
        }
    ],
    "Name": "HpeComponentInstallSetCollection Schema Definition File",
    "Schema": "#HpeComponentInstallSetCollection.HpeComponentInstallSetCollection"
}