{
    "@odata.context": "/redfish/v1/$metadata#JsonSchemaFile.JsonSchemaFile",
    "@odata.etag": "W/\"36C8A546\"",
    "@odata.id": "/redfish/v1/JsonSchemas/HpeNetworkPortLLDP",
    "@odata.type": "#JsonSchemaFile.v1_0_4.JsonSchemaFile",
    "Id": "HpeNetworkPortLLDP",
    "Description": "Schema Definition File for HpeNetworkPortLLDP",
    "Languages": [
        "en"
    ],
    "Location": [
        {
            "Language": "en",
            "Uri": "/redfish/v1/SchemaStore/en/HpeNetworkPortLLDP.json"
        }
    ],
    "Name": "HpeNetworkPortLLDP Schema Definition File",
    "Schema": "#HpeNetworkPortLLDP.v1_2_0.HpeNetworkPortLLDP"
}