{
    "@odata.context": "/redfish/v1/$metadata#JsonSchemaFile.JsonSchemaFile",
    "@odata.etag": "W/\"3D1F3D83\"",
    "@odata.id": "/redfish/v1/JsonSchemas/HpeiLOAccount",
    "@odata.type": "#JsonSchemaFile.v1_0_4.JsonSchemaFile",
    "Id": "HpeiLOAccount",
    "Description": "Schema Definition File for HpeiLOAccount",
    "Languages": [
        "en"
    ],
    "Location": [
        {
            "Language": "en",
            "Uri": "/redfish/v1/SchemaStore/en/HpeiLOAccount.json"
        }
    ],
    "Name": "HpeiLOAccount Schema Definition File",
    "Schema": "#HpeiLOAccount.v2_2_0.HpeiLOAccount"
}