{
    "@odata.context": "/redfish/v1/$metadata#JsonSchemaFile.JsonSchemaFile",
    "@odata.etag": "W/\"C75097AC\"",
    "@odata.id": "/redfish/v1/JsonSchemas/HpeiLOFederationPeers",
    "@odata.type": "#JsonSchemaFile.v1_0_4.JsonSchemaFile",
    "Id": "HpeiLOFederationPeers",
    "Description": "Schema Definition File for HpeiLOFederationPeers",
    "Languages": [
        "en"
    ],
    "Location": [
        {
            "Language": "en",
            "Uri": "/redfish/v1/SchemaStore/en/HpeiLOFederationPeers.json"
        }
    ],
    "Name": "HpeiLOFederationPeers Schema Definition File",
    "Schema": "#HpeiLOFederationPeers.v2_0_0.HpeiLOFederationPeers"
}