{
    "@odata.context": "/redfish/v1/$metadata#JsonSchemaFile.JsonSchemaFile",
    "@odata.etag": "W/\"0A34F96F\"",
    "@odata.id": "/redfish/v1/JsonSchemas/HpeBundleUpdateReport",
    "@odata.type": "#JsonSchemaFile.v1_0_4.JsonSchemaFile",
    "Id": "HpeBundleUpdateReport",
    "Description": "Schema Definition File for HpeBundleUpdateReport",
    "Languages": [
        "en"
    ],
    "Location": [
        {
            "Language": "en",
            "Uri": "/redfish/v1/SchemaStore/en/HpeBundleUpdateReport.json"
        }
    ],
    "Name": "HpeBundleUpdateReport Schema Definition File",
    "Schema": "#HpeBundleUpdateReport.v1_0_0.HpeBundleUpdateReport"
}