{
    "@odata.context": "/redfish/v1/$metadata#JsonSchemaFile.JsonSchemaFile",
    "@odata.etag": "W/\"45225E03\"",
    "@odata.id": "/redfish/v1/JsonSchemas/HpeMemoryExt",
    "@odata.type": "#JsonSchemaFile.v1_0_4.JsonSchemaFile",
    "Id": "HpeMemoryExt",
    "Description": "Schema Definition File for HpeMemoryExt",
    "Languages": [
        "en"
    ],
    "Location": [
        {
            "Language": "en",
            "Uri": "/redfish/v1/SchemaStore/en/HpeMemoryExt.json"
        }
    ],
    "Name": "HpeMemoryExt Schema Definition File",
    "Schema": "#HpeMemoryExt.v2_5_0.HpeMemoryExt"
}