{
    "@odata.context": "/redfish/v1/$metadata#JsonSchemaFile.JsonSchemaFile",
    "@odata.etag": "W/\"B8356AE1\"",
    "@odata.id": "/redfish/v1/JsonSchemas/EthernetInterface",
    "@odata.type": "#JsonSchemaFile.v1_0_4.JsonSchemaFile",
    "Id": "EthernetInterface",
    "Description": "Schema Definition File for EthernetInterface",
    "Languages": [
        "en"
    ],
    "Location": [
        {
            "Language": "en",
            "Uri": "/redfish/v1/SchemaStore/en/EthernetInterface.json"
        }
    ],
    "Name": "EthernetInterface Schema Definition File",
    "Schema": "#EthernetInterface.v1_4_1.EthernetInterface"
}