{
    "@odata.context": "/redfish/v1/$metadata#JsonSchemaFile.JsonSchemaFile",
    "@odata.etag": "W/\"5CE98CDD\"",
    "@odata.id": "/redfish/v1/JsonSchemas/HpeIp.v1_0_0.HpeIp",
    "@odata.type": "#JsonSchemaFile.v1_0_4.JsonSchemaFile",
    "Id": "HpeIp.v1_0_0.HpeIp",
    "Description": "Schema Definition File for #HpeIp.v1_0_0.HpeIp",
    "Languages": [
        "en"
    ],
    "Location": [
        {
            "Language": "en",
            "Uri": "/redfish/v1/schemastore/en/hpeip.v1_0_0.json"
        }
    ],
    "Name": "#HpeIp.v1_0_0.HpeIp Schema Definition File",
    "Schema": "#HpeIp.v1_0_0.HpeIp"
}