{
    "@odata.context": "/redfish/v1/$metadata#JsonSchemaFile.JsonSchemaFile",
    "@odata.etag": "W/\"47875AE8\"",
    "@odata.id": "/redfish/v1/JsonSchemas/HpeiLOViewPost",
    "@odata.type": "#JsonSchemaFile.v1_0_4.JsonSchemaFile",
    "Id": "HpeiLOViewPost",
    "Description": "Schema Definition File for HpeiLOViewPost",
    "Languages": [
        "en"
    ],
    "Location": [
        {
            "Language": "en",
            "Uri": "/redfish/v1/SchemaStore/en/HpeiLOViewPost.json"
        }
    ],
    "Name": "HpeiLOViewPost Schema Definition File",
    "Schema": "#HpeiLOViewPost.v2_0_0.HpeiLOViewPost"
}