{
    "@odata.context": "/redfish/v1/$metadata#JsonSchemaFile.JsonSchemaFile",
    "@odata.etag": "W/\"FFDD1A49\"",
    "@odata.id": "/redfish/v1/JsonSchemas/HpeEventService",
    "@odata.type": "#JsonSchemaFile.v1_0_4.JsonSchemaFile",
    "Id": "HpeEventService",
    "Description": "Schema Definition File for HpeEventService",
    "Languages": [
        "en"
    ],
    "Location": [
        {
            "Language": "en",
            "Uri": "/redfish/v1/SchemaStore/en/HpeEventService.json"
        }
    ],
    "Name": "HpeEventService Schema Definition File",
    "Schema": "#HpeEventService.v2_1_0.HpeEventService"
}