{
    "@odata.context": "/redfish/v1/$metadata#JsonSchemaFile.JsonSchemaFile",
    "@odata.etag": "W/\"0DF21CBB\"",
    "@odata.id": "/redfish/v1/JsonSchemas/HpeiLOFrus",
    "@odata.type": "#JsonSchemaFile.v1_0_4.JsonSchemaFile",
    "Id": "HpeiLOFrus",
    "Description": "Schema Definition File for HpeiLOFrus",
    "Languages": [
        "en"
    ],
    "Location": [
        {
            "Language": "en",
            "Uri": "/redfish/v1/SchemaStore/en/HpeiLOFrus.json"
        }
    ],
    "Name": "HpeiLOFrus Schema Definition File",
    "Schema": "#HpeiLOFrus.v2_0_0.HpeiLOFrus"
}