{
    "@odata.context": "/redfish/v1/$metadata#JsonSchemaFile.JsonSchemaFile",
    "@odata.etag": "W/\"4F4E8906\"",
    "@odata.id": "/redfish/v1/JsonSchemas/HpeBaseConfigs.v2_0_0.HpeBaseConfigs",
    "@odata.type": "#JsonSchemaFile.v1_0_4.JsonSchemaFile",
    "Id": "HpeBaseConfigs.v2_0_0.HpeBaseConfigs",
    "Description": "Schema Definition File for #HpeBaseConfigs.v2_0_0.HpeBaseConfigs",
    "Languages": [
        "en"
    ],
    "Location": [
        {
            "Language": "en",
            "Uri": "/redfish/v1/schemastore/en/hpebaseconfigs.v2_0_0.json"
        }
    ],
    "Name": "#HpeBaseConfigs.v2_0_0.HpeBaseConfigs Schema Definition File",
    "Schema": "#HpeBaseConfigs.v2_0_0.HpeBaseConfigs"
}