{
    "@odata.context": "/redfish/v1/$metadata#JsonSchemaFile.JsonSchemaFile",
    "@odata.etag": "W/\"3B51DD32\"",
    "@odata.id": "/redfish/v1/JsonSchemas/HpeiLOSoftwareInventory",
    "@odata.type": "#JsonSchemaFile.v1_0_4.JsonSchemaFile",
    "Id": "HpeiLOSoftwareInventory",
    "Description": "Schema Definition File for HpeiLOSoftwareInventory",
    "Languages": [
        "en"
    ],
    "Location": [
        {
            "Language": "en",
            "Uri": "/redfish/v1/SchemaStore/en/HpeiLOSoftwareInventory.json"
        }
    ],
    "Name": "HpeiLOSoftwareInventory Schema Definition File",
    "Schema": "#HpeiLOSoftwareInventory.v2_1_0.HpeiLOSoftwareInventory"
}