{
    "@odata.context": "/redfish/v1/$metadata#JsonSchemaFile.JsonSchemaFile",
    "@odata.etag": "W/\"5956245C\"",
    "@odata.id": "/redfish/v1/JsonSchemas/HpeRemoteSupport",
    "@odata.type": "#JsonSchemaFile.v1_0_4.JsonSchemaFile",
    "Id": "HpeRemoteSupport",
    "Description": "Schema Definition File for HpeRemoteSupport",
    "Languages": [
        "en"
    ],
    "Location": [
        {
            "Language": "en",
            "Uri": "/redfish/v1/SchemaStore/en/HpeRemoteSupport.json"
        }
    ],
    "Name": "HpeRemoteSupport Schema Definition File",
    "Schema": "#HpeRemoteSupport.v2_6_0.HpeRemoteSupport"
}