{
    "@odata.context": "/redfish/v1/$metadata#JsonSchemaFile.JsonSchemaFile",
    "@odata.etag": "W/\"71031558\"",
    "@odata.id": "/redfish/v1/JsonSchemas/HpeiLOFederationPeersCollection",
    "@odata.type": "#JsonSchemaFile.v1_0_4.JsonSchemaFile",
    "Id": "HpeiLOFederationPeersCollection",
    "Description": "Schema Definition File for HpeiLOFederationPeersCollection",
    "Languages": [
        "en"
    ],
    "Location": [
        {
            "Language": "en",
            "Uri": "/redfish/v1/SchemaStore/en/HpeiLOFederationPeersCollection.json"
        }
    ],
    "Name": "HpeiLOFederationPeersCollection Schema Definition File",
    "Schema": "#HpeiLOFederationPeersCollection.HpeiLOFederationPeersCollection"
}