{
    "@odata.context": "/redfish/v1/$metadata#JsonSchemaFile.JsonSchemaFile",
    "@odata.etag": "W/\"E380264E\"",
    "@odata.id": "/redfish/v1/JsonSchemas/HpeiLOEmbeddedMedia",
    "@odata.type": "#JsonSchemaFile.v1_0_4.JsonSchemaFile",
    "Id": "HpeiLOEmbeddedMedia",
    "Description": "Schema Definition File for HpeiLOEmbeddedMedia",
    "Languages": [
        "en"
    ],
    "Location": [
        {
            "Language": "en",
            "Uri": "/redfish/v1/SchemaStore/en/HpeiLOEmbeddedMedia.json"
        }
    ],
    "Name": "HpeiLOEmbeddedMedia Schema Definition File",
    "Schema": "#HpeiLOEmbeddedMedia.v2_0_0.HpeiLOEmbeddedMedia"
}