{
    "@odata.context": "/redfish/v1/$metadata#ManagerAccountCollection.ManagerAccountCollection",
    "@odata.etag": "W/\"570254F2\"",
    "@odata.id": "/redfish/v1/AccountService/Accounts",
    "@odata.type": "#ManagerAccountCollection.ManagerAccountCollection",
    "Description": "iLO User Accounts",
    "Name": "Accounts",
    "Members": [
        {
            "@odata.id": "/redfish/v1/AccountService/Accounts/1"
        },
        {
            "@odata.id": "/redfish/v1/AccountService/Accounts/3"
        }
    ],
    "Members@odata.count": 2
}