{
    "@odata.context": "/redfish/v1/$metadata#JsonSchemaFile.JsonSchemaFile",
    "@odata.etag": "W/\"E8D1C67C\"",
    "@odata.id": "/redfish/v1/JsonSchemas/HpeServerPciDeviceCollection",
    "@odata.type": "#JsonSchemaFile.v1_0_4.JsonSchemaFile",
    "Id": "HpeServerPciDeviceCollection",
    "Description": "Schema Definition File for HpeServerPciDeviceCollection",
    "Languages": [
        "en"
    ],
    "Location": [
        {
            "Language": "en",
            "Uri": "/redfish/v1/SchemaStore/en/HpeServerPciDeviceCollection.json"
        }
    ],
    "Name": "HpeServerPciDeviceCollection Schema Definition File",
    "Schema": "#HpeServerPciDeviceCollection.HpeServerPciDeviceCollection"
}