{
    "@odata.context": "/redfish/v1/$metadata#PCIeDevice.PCIeDevice",
    "@odata.etag": "W/\"4DA55F10\"",
    "@odata.id": "/redfish/v1/Chassis/1/PCIeDevices/174",
    "@odata.type": "#PCIeDevice.v1_5_0.PCIeDevice",
    "Id": "174",
    "FirmwareVersion": "20.14.62",
    "Manufacturer": "",
    "Model": "",
    "Name": "HPE Ethernet 1Gb 4-port 331i Adapter - NIC",
    "PCIeFunctions": {
        "@odata.id": "/redfish/v1/Chassis/1/PCIeDevices/174/PCIeFunctions"
    },
    "PartNumber": "",
    "SKU": "",
    "SerialNumber": "",
    "Status": {
        "Health": "OK",
        "State": "Enabled"
    }
}