{
    "@odata.context": "/redfish/v1/$metadata#JsonSchemaFile.JsonSchemaFile",
    "@odata.etag": "W/\"FFB2E47F\"",
    "@odata.id": "/redfish/v1/JsonSchemas/HpeSmartStorageLogicalDriveCollection",
    "@odata.type": "#JsonSchemaFile.v1_0_4.JsonSchemaFile",
    "Id": "HpeSmartStorageLogicalDriveCollection",
    "Description": "Schema Definition File for HpeSmartStorageLogicalDriveCollection",
    "Languages": [
        "en"
    ],
    "Location": [
        {
            "Language": "en",
            "Uri": "/redfish/v1/SchemaStore/en/HpeSmartStorageLogicalDriveCollection.json"
        }
    ],
    "Name": "HpeSmartStorageLogicalDriveCollection Schema Definition File",
    "Schema": "#HpeSmartStorageLogicalDriveCollection.HpeSmartStorageLogicalDriveCollection"
}