{
    "@odata.context": "/redfish/v1/$metadata#JsonSchemaFile.JsonSchemaFile",
    "@odata.etag": "W/\"75950F72\"",
    "@odata.id": "/redfish/v1/JsonSchemas/HpeSmartStorageStorageEnclosure",
    "@odata.type": "#JsonSchemaFile.v1_0_4.JsonSchemaFile",
    "Id": "HpeSmartStorageStorageEnclosure",
    "Description": "Schema Definition File for HpeSmartStorageStorageEnclosure",
    "Languages": [
        "en"
    ],
    "Location": [
        {
            "Language": "en",
            "Uri": "/redfish/v1/SchemaStore/en/HpeSmartStorageStorageEnclosure.json"
        }
    ],
    "Name": "HpeSmartStorageStorageEnclosure Schema Definition File",
    "Schema": "#HpeSmartStorageStorageEnclosure.v2_0_0.HpeSmartStorageStorageEnclosure"
}