{
    "@odata.context": "/redfish/v1/$metadata#PCIeFunction.PCIeFunction",
    "@odata.etag": "W/\"A3A6BF43\"",
    "@odata.id": "/redfish/v1/Chassis/1/PCIeDevices/180/PCIeFunctions/1",
    "@odata.type": "#PCIeFunction.v1_2_3.PCIeFunction",
    "Id": "1",
    "ClassCode": "2",
    "DeviceClass": "NetworkController",
    "DeviceId": "32880",
    "FunctionId": 1,
    "FunctionType": "Physical",
    "Name": "Function 1",
    "RevisionId": "8.50.22",
    "SubsystemId": "541",
    "SubsystemVendorId": "5520",
    "VendorId": "4215"
}