{
    "@odata.context": "/redfish/v1/$metadata#JsonSchemaFile.JsonSchemaFile",
    "@odata.etag": "W/\"25110A73\"",
    "@odata.id": "/redfish/v1/JsonSchemas/HpeSmartStorage",
    "@odata.type": "#JsonSchemaFile.v1_0_4.JsonSchemaFile",
    "Id": "HpeSmartStorage",
    "Description": "Schema Definition File for HpeSmartStorage",
    "Languages": [
        "en"
    ],
    "Location": [
        {
            "Language": "en",
            "Uri": "/redfish/v1/SchemaStore/en/HpeSmartStorage.json"
        }
    ],
    "Name": "HpeSmartStorage Schema Definition File",
    "Schema": "#HpeSmartStorage.v2_0_0.HpeSmartStorage"
}