{
    "@odata.context": "/redfish/v1/$metadata#PCIeFunction.PCIeFunction",
    "@odata.etag": "W/\"A3A6BF43\"",
    "@odata.id": "/redfish/v1/Chassis/1/PCIeDevices/174/PCIeFunctions/1",
    "@odata.type": "#PCIeFunction.v1_2_3.PCIeFunction",
    "Id": "1",
    "ClassCode": "2",
    "DeviceClass": "NetworkController",
    "DeviceId": "5719",
    "FunctionId": 1,
    "FunctionType": "Physical",
    "Name": "Function 1",
    "RevisionId": "20.14.62",
    "SubsystemId": "8894",
    "SubsystemVendorId": "4156",
    "VendorId": "5348"
}