{
    "@odata.context": "/redfish/v1/$metadata#JsonSchemaFile.JsonSchemaFile",
    "@odata.etag": "W/\"AAF77D0D\"",
    "@odata.id": "/redfish/v1/JsonSchemas/HpeiLOGUIService",
    "@odata.type": "#JsonSchemaFile.v1_0_4.JsonSchemaFile",
    "Id": "HpeiLOGUIService",
    "Description": "Schema Definition File for HpeiLOGUIService",
    "Languages": [
        "en"
    ],
    "Location": [
        {
            "Language": "en",
            "Uri": "/redfish/v1/SchemaStore/en/HpeiLOGUIService.json"
        }
    ],
    "Name": "HpeiLOGUIService Schema Definition File",
    "Schema": "#HpeiLOGUIService.v1_1_0.HpeiLOGUIService"
}