{
    "@odata.context": "/redfish/v1/$metadata#JsonSchemaFile.JsonSchemaFile",
    "@odata.etag": "W/\"74A773C5\"",
    "@odata.id": "/redfish/v1/JsonSchemas/HpeSmartStorageArrayController",
    "@odata.type": "#JsonSchemaFile.v1_0_4.JsonSchemaFile",
    "Id": "HpeSmartStorageArrayController",
    "Description": "Schema Definition File for HpeSmartStorageArrayController",
    "Languages": [
        "en"
    ],
    "Location": [
        {
            "Language": "en",
            "Uri": "/redfish/v1/SchemaStore/en/HpeSmartStorageArrayController.json"
        }
    ],
    "Name": "HpeSmartStorageArrayController Schema Definition File",
    "Schema": "#HpeSmartStorageArrayController.v2_2_0.HpeSmartStorageArrayController"
}