{
    "@odata.context": "/redfish/v1/$metadata#JsonSchemaFile.JsonSchemaFile",
    "@odata.etag": "W/\"5BA19D17\"",
    "@odata.id": "/redfish/v1/JsonSchemas/HpeiLOBackupFilesInformation",
    "@odata.type": "#JsonSchemaFile.v1_0_4.JsonSchemaFile",
    "Id": "HpeiLOBackupFilesInformation",
    "Description": "Schema Definition File for HpeiLOBackupFilesInformation",
    "Languages": [
        "en"
    ],
    "Location": [
        {
            "Language": "en",
            "Uri": "/redfish/v1/SchemaStore/en/HpeiLOBackupFilesInformation.json"
        }
    ],
    "Name": "HpeiLOBackupFilesInformation Schema Definition File",
    "Schema": "#HpeiLOBackupFilesInformation.v1_0_0.HpeiLOBackupFilesInformation"
}