{
    "@odata.context": "/redfish/v1/$metadata#JsonSchemaFile.JsonSchemaFile",
    "@odata.etag": "W/\"FFF83BBF\"",
    "@odata.id": "/redfish/v1/JsonSchemas/HpeiLODateTime",
    "@odata.type": "#JsonSchemaFile.v1_0_4.JsonSchemaFile",
    "Id": "HpeiLODateTime",
    "Description": "Schema Definition File for HpeiLODateTime",
    "Languages": [
        "en"
    ],
    "Location": [
        {
            "Language": "en",
            "Uri": "/redfish/v1/SchemaStore/en/HpeiLODateTime.json"
        }
    ],
    "Name": "HpeiLODateTime Schema Definition File",
    "Schema": "#HpeiLODateTime.v2_0_0.HpeiLODateTime"
}