{
    "@odata.context": "/redfish/v1/$metadata#JsonSchemaFile.JsonSchemaFile",
    "@odata.etag": "W/\"1566AB1A\"",
    "@odata.id": "/redfish/v1/JsonSchemas/HpeNetworkAdapter",
    "@odata.type": "#JsonSchemaFile.v1_0_4.JsonSchemaFile",
    "Id": "HpeNetworkAdapter",
    "Description": "Schema Definition File for HpeNetworkAdapter",
    "Languages": [
        "en"
    ],
    "Location": [
        {
            "Language": "en",
            "Uri": "/redfish/v1/SchemaStore/en/HpeNetworkAdapter.json"
        }
    ],
    "Name": "HpeNetworkAdapter Schema Definition File",
    "Schema": "#HpeNetworkAdapter.v1_3_0.HpeNetworkAdapter"
}