{
    "@odata.context": "/redfish/v1/$metadata#JsonSchemaFile.JsonSchemaFile",
    "@odata.etag": "W/\"A03C26B0\"",
    "@odata.id": "/redfish/v1/JsonSchemas/HpeiLOFederationGroup",
    "@odata.type": "#JsonSchemaFile.v1_0_4.JsonSchemaFile",
    "Id": "HpeiLOFederationGroup",
    "Description": "Schema Definition File for HpeiLOFederationGroup",
    "Languages": [
        "en"
    ],
    "Location": [
        {
            "Language": "en",
            "Uri": "/redfish/v1/SchemaStore/en/HpeiLOFederationGroup.json"
        }
    ],
    "Name": "HpeiLOFederationGroup Schema Definition File",
    "Schema": "#HpeiLOFederationGroup.v2_0_0.HpeiLOFederationGroup"
}