{
    "GET": {
        "Allow": "GET, HEAD",
        "Cache-Control": "no-cache",
        "Connection": "keep-alive",
        "Content-Encoding": "gzip",
        "Content-type": "application/xml; charset=utf-8",
        "Date": "Fri, 10 Feb 2023 22:53:15 GMT",
        "ETag": "\"462D76E7\"",
        "OData-Version": "4.0",
        "Transfer-Encoding": "chunked",
        "X-Content-Type-Options": "nosniff",
        "X-Frame-Options": "sameorigin",
        "X-XSS-Protection": "1; mode=block"
    }
}