<?xml version="1.1" encoding="UTF-8"?>
<!-- Copyright 2014-2019 Hewlett Packard Enterprise Development, LP.  Portions Copyright 2014-2019 Distributed Management Task Force. All rights reserved.-->
<edmx:Edmx xmlns:edmx="http://docs.oasis-open.org/odata/ns/edmx" Version="4.0">
    <edmx:Reference Uri="http://redfish.dmtf.org/schemas/v1/ServiceRoot_v1.xml">
        <edmx:Include Namespace="ServiceRoot" />
        <edmx:Include Namespace="ServiceRoot.v1_5_1"/>
    </edmx:Reference>
    <edmx:Reference Uri="http://redfish.dmtf.org/schemas/v1/AccountService_v1.xml">
        <edmx:Include Namespace="AccountService" />
        <edmx:Include Namespace="AccountService.v1_5_0"/>        
    </edmx:Reference>
    <edmx:Reference Uri="http://redfish.dmtf.org/schemas/v1/AttributeRegistry_v1.xml">
        <edmx:Include Namespace="AttributeRegistry" />
        <edmx:Include Namespace="AttributeRegistry.v1_0_0"/>
        <edmx:Include Namespace="AttributeRegistry.v1_1_0"/>
        <edmx:Include Namespace="AttributeRegistry.v1_2_1"/>
    </edmx:Reference>
    <edmx:Reference Uri="http://redfish.dmtf.org/schemas/v1/Bios_v1.xml">
        <edmx:Include Namespace="Bios" />
        <edmx:Include Namespace="Bios.v1_0_0"/>
        <edmx:Include Namespace="Bios.v1_0_4"/>
    </edmx:Reference>
    <edmx:Reference Uri="http://redfish.dmtf.org/schemas/v1/BootOption_v1.xml">
        <edmx:Include Namespace="BootOption" />
        <edmx:Include Namespace="BootOption.v1_0_1"/>
    </edmx:Reference>
    <edmx:Reference Uri="http://redfish.dmtf.org/schemas/v1/BootOptionCollection_v1.xml">
        <edmx:Include Namespace="BootOptionCollection" />
    </edmx:Reference>
    <edmx:Reference Uri="http://redfish.dmtf.org/schemas/v1//Certificate_v1.xml">
        <edmx:Include Namespace="Certificate" />
        <edmx:Include Namespace="Certificate.v1_1_0"/>
    </edmx:Reference>
    <edmx:Reference Uri="http://redfish.dmtf.org/schemas/v1//CertificateCollection_v1.xml">
        <edmx:Include Namespace="CertificateCollection" />
    </edmx:Reference>    
    <edmx:Reference Uri="http://redfish.dmtf.org/schemas/v1//CertificateLocations_v1.xml">
        <edmx:Include Namespace="CertificateLocations" />
        <edmx:Include Namespace="CertificateLocations.v1_0_2"/>
    </edmx:Reference>
    <edmx:Reference Uri="http://redfish.dmtf.org/schemas/v1//CertificateService_v1.xml">
        <edmx:Include Namespace="CertificateService" />
        <edmx:Include Namespace="CertificateService.v1_0_3"/>
    </edmx:Reference>
    <edmx:Reference Uri="http://redfish.dmtf.org/schemas/v1//CertificateLocations_v1.xml">
        <edmx:Include Namespace="CertificateLocations" />
        <edmx:Include Namespace="CertificateLocations.v1_0_2" />
    </edmx:Reference>
    <edmx:Reference Uri="http://redfish.dmtf.org/schemas/v1//CertificateService_v1.xml">
        <edmx:Include Namespace="CertificateService" />
        <edmx:Include Namespace="CertificateService.v1_0_3" />
    </edmx:Reference>    
    <edmx:Reference Uri="http://redfish.dmtf.org/schemas/v1/Chassis_v1.xml">
        <edmx:Include Namespace="Chassis" />
        <edmx:Include Namespace="Chassis.v1_11_2"/>
    </edmx:Reference>
    <edmx:Reference Uri="http://redfish.dmtf.org/schemas/v1/ChassisCollection_v1.xml">
        <edmx:Include Namespace="ChassisCollection" />
    </edmx:Reference>
    <edmx:Reference Uri="http://redfish.dmtf.org/schemas/v1/CollectionCapabilities_v1.xml">
        <edmx:Include Namespace="CollectionCapabilities" />
        <edmx:Include Namespace="CollectionCapabilities.v1_1_0" />
    </edmx:Reference>  
    <edmx:Reference Uri="http://redfish.dmtf.org/schemas/v1/ComputerSystem_v1.xml">
        <edmx:Include Namespace="ComputerSystem" />
        <edmx:Include Namespace="ComputerSystem.v1_13_0"/>
    </edmx:Reference>
    <edmx:Reference Uri="http://redfish.dmtf.org/schemas/v1/ComputerSystemCollection_v1.xml">
        <edmx:Include Namespace="ComputerSystemCollection" />
    </edmx:Reference>
    <edmx:Reference Uri="http://redfish.dmtf.org/schemas/v1/Drive_v1.xml">
        <edmx:Include Namespace="Drive" />
        <edmx:Include Namespace="Drive.v1_7_0"/>
		<edmx:Include Namespace="Drive.v1_8_1"/>
		<edmx:Include Namespace="Drive.v1_11_0"/>
		<edmx:Include Namespace="Drive.v1_12_1"/>
    </edmx:Reference>
    <edmx:Reference Uri="http://redfish.dmtf.org/schemas/v1/EthernetInterface_v1.xml">
        <edmx:Include Namespace="EthernetInterface" />
        <edmx:Include Namespace="EthernetInterface.v1_0_3"/>
        <edmx:Include Namespace="EthernetInterface.v1_4_0"/>
        <edmx:Include Namespace="EthernetInterface.v1_4_1"/>
    </edmx:Reference>
    <edmx:Reference Uri="http://redfish.dmtf.org/schemas/v1/EthernetInterfaceCollection_v1.xml">
        <edmx:Include Namespace="EthernetInterfaceCollection" />
    </edmx:Reference>
    <edmx:Reference Uri="http://redfish.dmtf.org/schemas/v1/Event_v1.xml">
        <edmx:Include Namespace="Event" />
        <edmx:Include Namespace="Event.v1_2_9"/>
    </edmx:Reference>
    <edmx:Reference Uri="http://redfish.dmtf.org/schemas/v1/EventDestination_v1.xml">
        <edmx:Include Namespace="EventDestination" />
        <edmx:Include Namespace="EventDestination.v1_4_5"/>
    </edmx:Reference>
    <edmx:Reference Uri="http://redfish.dmtf.org/schemas/v1/EventService_v1.xml">
        <edmx:Include Namespace="EventService" />
        <edmx:Include Namespace="EventService.v1_2_7"/>
    </edmx:Reference>
    <edmx:Reference Uri="http://redfish.dmtf.org/schemas/v1/HostInterface_v1.xml">
        <edmx:Include Namespace="HostInterface" />
        <edmx:Include Namespace="HostInterface.v1_1_1"/>
    </edmx:Reference>
    <edmx:Reference Uri="http://redfish.dmtf.org/schemas/v1/HostInterfaceCollection_v1.xml">
        <edmx:Include Namespace="HostInterfaceCollection" />
    </edmx:Reference>
    <edmx:Reference Uri="http://redfish.dmtf.org/schemas/v1/IPAddresses_v1.xml">
        <edmx:Include Namespace="IPAddresses" />
        <edmx:Include Namespace="IPAddresses.v1_0_0"/>
    </edmx:Reference>
    <edmx:Reference Uri="http://redfish.dmtf.org/schemas/v1/JsonSchemaFile_v1.xml">
        <edmx:Include Namespace="JsonSchemaFile" />
        <edmx:Include Namespace="JsonSchemaFile.v1_0_4"/>
    </edmx:Reference>
    <edmx:Reference Uri="http://redfish.dmtf.org/schemas/v1/JsonSchemaFileCollection_v1.xml">
        <edmx:Include Namespace="JsonSchemaFileCollection" />
    </edmx:Reference>
    <edmx:Reference Uri="http://redfish.dmtf.org/schemas/v1/EventDestination_v1.xml">
        <edmx:Include Namespace="EventDestination" />
        <edmx:Include Namespace="EventDestination.v1_0_0"/>
    </edmx:Reference>
    <edmx:Reference Uri="http://redfish.dmtf.org/schemas/v1/EventDestinationCollection_v1.xml">
        <edmx:Include Namespace="EventDestinationCollection" />
    </edmx:Reference>
    <edmx:Reference Uri="http://redfish.dmtf.org/schemas/v1/LogEntry_v1.xml">
        <edmx:Include Namespace="LogEntry" />
        <edmx:Include Namespace="LogEntry.v1_0_0"/>
		<edmx:Include Namespace="LogEntry.v1_1_0"/>
    </edmx:Reference>
    <edmx:Reference Uri="http://redfish.dmtf.org/schemas/v1/LogEntryCollection_v1.xml">
        <edmx:Include Namespace="LogEntryCollection" />
    </edmx:Reference>
    <edmx:Reference Uri="http://redfish.dmtf.org/schemas/v1/Role_v1.xml">
        <edmx:Include Namespace="Role" />
        <edmx:Include Namespace="Role.v1_0_0" />
        <edmx:Include Namespace="Role.v1_2_1" />
    </edmx:Reference>
    <edmx:Reference Uri="http://redfish.dmtf.org/schemas/v1/RoleCollection_v1.xml">
        <edmx:Include Namespace="RoleCollection" />
    </edmx:Reference>
    <edmx:Reference Uri="http://redfish.dmtf.org/schemas/v1/LogService_v1.xml">
        <edmx:Include Namespace="LogService" />
        <edmx:Include Namespace="LogService.v1_1_0"/>
    </edmx:Reference>
    <edmx:Reference Uri="http://redfish.dmtf.org/schemas/v1/LogServiceCollection_v1.xml">
        <edmx:Include Namespace="LogServiceCollection" />
    </edmx:Reference>
    <edmx:Reference Uri="http://redfish.dmtf.org/schemas/v1/Manager_v1.xml">
        <edmx:Include Namespace="Manager"/>
        <edmx:Include Namespace="Manager.v1_5_1"/>		  
    </edmx:Reference>
    <edmx:Reference Uri="http://redfish.dmtf.org/schemas/v1/ManagerCollection_v1.xml">
        <edmx:Include Namespace="ManagerCollection" />
    </edmx:Reference>
    <edmx:Reference Uri="http://redfish.dmtf.org/schemas/v1/ManagerAccount_v1.xml">
        <edmx:Include Namespace="ManagerAccount" />
        <edmx:Include Namespace="ManagerAccount.v1_3_0"/>
    </edmx:Reference>
    <edmx:Reference Uri="http://redfish.dmtf.org/schemas/v1/ManagerAccountCollection_v1.xml">
        <edmx:Include Namespace="ManagerAccountCollection" />
    </edmx:Reference>
    <edmx:Reference Uri="http://redfish.dmtf.org/schemas/v1/ManagerNetworkProtocol_v1.xml">
        <edmx:Include Namespace="ManagerNetworkProtocol" />
        <edmx:Include Namespace="ManagerNetworkProtocol.v1_0_0"/>
    </edmx:Reference>
    <edmx:Reference Uri="http://redfish.dmtf.org/schemas/v1/Memory_v1.xml">
        <edmx:Include Namespace="Memory" />
        <edmx:Include Namespace="Memory.v1_1_0"/>
        <edmx:Include Namespace="Memory.v1_3_0"/>
        <edmx:Include Namespace="Memory.v1_4_0"/> 
        <edmx:Include Namespace="Memory.v1_7_0"/>
		<edmx:Include Namespace="Memory.v1_7_1"/>
    </edmx:Reference>
    <edmx:Reference Uri="http://redfish.dmtf.org/schemas/v1/MemoryCollection_v1.xml">
        <edmx:Include Namespace="MemoryCollection" />
    </edmx:Reference>
    <edmx:Reference Uri="http://redfish.dmtf.org/schemas/v1/MemoryChunks_v1.xml">
        <edmx:Include Namespace="MemoryChunks" />
        <edmx:Include Namespace="MemoryChunks.v1_2_1"/>
        <edmx:Include Namespace="MemoryChunks.v1_2_2"/>
    </edmx:Reference>
    <edmx:Reference Uri="http://redfish.dmtf.org/schemas/v1/MemoryChunksCollection_v1.xml">
        <edmx:Include Namespace="MemoryChunksCollection" />
    </edmx:Reference>
    <edmx:Reference Uri="http://redfish.dmtf.org/schemas/v1/MemoryDomain_v1.xml">
        <edmx:Include Namespace="MemoryDomain" />
        <edmx:Include Namespace="MemoryDomain.v1_2_0"/>	  
        <edmx:Include Namespace="MemoryDomain.v1_2_1"/>	
    </edmx:Reference>
    <edmx:Reference Uri="http://redfish.dmtf.org/schemas/v1/MemoryDomainCollection_v1.xml">
        <edmx:Include Namespace="MemoryDomainCollection" />
    </edmx:Reference>
    <edmx:Reference Uri="http://redfish.dmtf.org/schemas/v1/Message_v1.xml">
        <edmx:Include Namespace="Message" />
        <edmx:Include Namespace="Message.v1_0_0"/>
    </edmx:Reference>
    <edmx:Reference Uri="http://redfish.dmtf.org/schemas/v1/MessageRegistry_v1.xml">
        <edmx:Include Namespace="MessageRegistry" />
        <edmx:Include Namespace="MessageRegistry.v1_2_0"/>
    </edmx:Reference>
    <edmx:Reference Uri="http://redfish.dmtf.org/schemas/v1/MessageRegistryCollection_v1.xml">
        <edmx:Include Namespace="MessageRegistryCollection" />
    </edmx:Reference>
    <edmx:Reference Uri="http://redfish.dmtf.org/schemas/v1/MessageRegistryFile_v1.xml">
        <edmx:Include Namespace="MessageRegistryFile" />
        <edmx:Include Namespace="MessageRegistryFile.v1_0_0"/>
        <edmx:Include Namespace="MessageRegistryFile.v1_0_4"/>
    </edmx:Reference>
    <edmx:Reference Uri="http://redfish.dmtf.org/schemas/v1/MessageRegistryFileCollection_v1.xml">
        <edmx:Include Namespace="MessageRegistryFileCollection" />
    </edmx:Reference>
    <edmx:Reference Uri="http://redfish.dmtf.org/schemas/v1/MetricDefinition_v1.xml">
        <edmx:Include Namespace="MetricDefinition" />
        <edmx:Include Namespace="MetricDefinition.v1_0_0"/>
    </edmx:Reference>
    <edmx:Reference Uri="http://redfish.dmtf.org/schemas/v1/MetricDefinitionCollection_v1.xml">
        <edmx:Include Namespace="MetricDefinitionCollection" />
    </edmx:Reference>
    <edmx:Reference Uri="http://redfish.dmtf.org/schemas/v1/MetricReport_v1.xml">
        <edmx:Include Namespace="MetricReport" />
        <edmx:Include Namespace="MetricReport.v1_0_0"/>
    </edmx:Reference>
    <edmx:Reference Uri="http://redfish.dmtf.org/schemas/v1/MetricReportCollection_v1.xml">
        <edmx:Include Namespace="MetricReportCollection" />
    </edmx:Reference>
    <edmx:Reference Uri="http://redfish.dmtf.org/schemas/v1/MetricReportDefinition_v1.xml">
        <edmx:Include Namespace="MetricReportDefinition" />
        <edmx:Include Namespace="MetricReportDefinition.v1_0_0"/>
    </edmx:Reference>
    <edmx:Reference Uri="http://redfish.dmtf.org/schemas/v1/MetricReportDefinitionCollection_v1.xml">
        <edmx:Include Namespace="MetricReportDefinitionCollection" />
    </edmx:Reference>
    <edmx:Reference Uri="http://redfish.dmtf.org/schemas/v1/NetworkAdapter_v1.xml">
        <edmx:Include Namespace="NetworkAdapter" />
        <edmx:Include Namespace="NetworkAdapter.v1_4_0" />
    </edmx:Reference>
    <edmx:Reference Uri="http://redfish.dmtf.org/schemas/v1/NetworkAdapterCollection_v1.xml">
        <edmx:Include Namespace="NetworkAdapterCollection" />
    </edmx:Reference>
    <edmx:Reference Uri="http://redfish.dmtf.org/schemas/v1/NetworkDeviceFunction_v1.xml">
        <edmx:Include Namespace="NetworkDeviceFunction" />
        <edmx:Include Namespace="NetworkDeviceFunction.v1_3_0" />
    </edmx:Reference>
    <edmx:Reference Uri="http://redfish.dmtf.org/schemas/v1/NetworkDeviceFunctionCollection_v1.xml">
        <edmx:Include Namespace="NetworkDeviceFunctionCollection" />
    </edmx:Reference>
    <edmx:Reference Uri="http://redfish.dmtf.org/schemas/v1/NetworkInterface_v1.xml">
        <edmx:Include Namespace="NetworkInterface" />
        <edmx:Include Namespace="NetworkInterface.v1_1_0" />
        <edmx:Include Namespace="NetworkInterface.v1_1_1" />
    </edmx:Reference>
    <edmx:Reference Uri="http://redfish.dmtf.org/schemas/v1/NetworkInterfaceCollection_v1.xml">
        <edmx:Include Namespace="NetworkInterfaceCollection" />
    </edmx:Reference>
    <edmx:Reference Uri="http://redfish.dmtf.org/schemas/v1/NetworkPort_v1.xml">
        <edmx:Include Namespace="NetworkPort" />
        <edmx:Include Namespace="NetworkPort.v1_2_5" />
    </edmx:Reference>
    <edmx:Reference Uri="http://redfish.dmtf.org/schemas/v1/NetworkPortCollection_v1.xml">
        <edmx:Include Namespace="NetworkPortCollection" />
    </edmx:Reference>
    <edmx:Reference Uri="http://redfish.dmtf.org/schemas/v1/PCIeDevice_v1.xml">
        <edmx:Include Namespace="PCIeDevice" />
        <edmx:Include Namespace="PCIeDevice.v1_4_0" />
    </edmx:Reference>
    <edmx:Reference Uri="http://redfish.dmtf.org/schemas/v1/PCIeDeviceCollection_v1.xml">
        <edmx:Include Namespace="PCIeDeviceCollection" />
    </edmx:Reference>
    <edmx:Reference Uri="http://redfish.dmtf.org/schemas/v1/PCIeFunction_v1.xml">
        <edmx:Include Namespace="PCIeFunction" />
        <edmx:Include Namespace="PCIeFunction.v1_2_3" />
    </edmx:Reference>
    <edmx:Reference Uri="http://redfish.dmtf.org/schemas/v1/PCIeFunctionCollection_v1.xml">
        <edmx:Include Namespace="PCIeFunctionCollection" />
    </edmx:Reference>
    <edmx:Reference Uri="http://redfish.dmtf.org/schemas/v1/PCIeSlots_v1.xml">
        <edmx:Include Namespace="PCIeSlots" />
        <edmx:Include Namespace="PCIeSlots.v1_3_0" />
    </edmx:Reference>
    <edmx:Reference Uri="http://redfish.dmtf.org/schemas/v1/PhysicalContext_v1.xml">
        <edmx:Include Namespace="PhysicalContext" />
    </edmx:Reference>
    <edmx:Reference Uri="http://redfish.dmtf.org/schemas/v1/Power_v1.xml">
        <edmx:Include Namespace="Power" />
        <edmx:Include Namespace="Power.v1_2_1"/>
        <edmx:Include Namespace="Power.v1_3_0"/>
    </edmx:Reference>
    <edmx:Reference Uri="http://redfish.dmtf.org/schemas/v1/Port_v1.xml">
        <edmx:Include Namespace="Port" />
        <edmx:Include Namespace="Port.v1_4_0"/>
        <edmx:Include Namespace="Port.v1_5_0"/>
    </edmx:Reference>
    <edmx:Reference Uri="http://redfish.dmtf.org/schemas/v1/PortCollection_v1.xml">
        <edmx:Include Namespace="PortCollection" />
    </edmx:Reference>
    <edmx:Reference Uri="http://redfish.dmtf.org/schemas/v1/Privileges_v1.xml">
        <edmx:Include Namespace="Privileges" />
        <edmx:Include Namespace="Privileges.v1_0_0"/>
    </edmx:Reference>
    <edmx:Reference Uri="http://redfish.dmtf.org/schemas/v1/Redundancy_v1.xml">
        <edmx:Include Namespace="Redundancy" />
        <edmx:Include Namespace="Redundancy.v1_0_0"/>
    </edmx:Reference>
    <edmx:Reference Uri="http://redfish.dmtf.org/schemas/v1/Processor_v1.xml">
        <edmx:Include Namespace="Processor" />
        <edmx:Include Namespace="Processor.v1_7_2"/>
    </edmx:Reference>
    <edmx:Reference Uri="http://redfish.dmtf.org/schemas/v1/ProcessorCollection_v1.xml">
        <edmx:Include Namespace="ProcessorCollection" />
    </edmx:Reference>
    <edmx:Reference Uri="http://redfish.dmtf.org/schemas/v1/SerialInterface_v1.xml">
        <edmx:Include Namespace="SerialInterface" />
        <edmx:Include Namespace="SerialInterface.v1_1_7"/>
    </edmx:Reference>
    <edmx:Reference Uri="http://redfish.dmtf.org/schemas/v1/SerialInterfaceCollection_v1.xml">
        <edmx:Include Namespace="SerialInterfaceCollection" />
    </edmx:Reference>
    <edmx:Reference Uri="http://redfish.dmtf.org/schemas/v1/SecureBoot_v1.xml">
        <edmx:Include Namespace="SecureBoot" />
        <edmx:Include Namespace="SecureBoot.v1_0_0"/>
    </edmx:Reference>
    <edmx:Reference Uri="http://redfish.dmtf.org/schemas/v1/Session_v1.xml">
        <edmx:Include Namespace="Session" />
        <edmx:Include Namespace="Session.v1_0_0"/>
    </edmx:Reference>
    <edmx:Reference Uri="http://redfish.dmtf.org/schemas/v1/SessionCollection_v1.xml">
        <edmx:Include Namespace="SessionCollection" />
    </edmx:Reference>
    <edmx:Reference Uri="http://redfish.dmtf.org/schemas/v1/SessionService_v1.xml">
        <edmx:Include Namespace="SessionService" />
        <edmx:Include Namespace="SessionService.v1_0_0"/>
    </edmx:Reference>
    <edmx:Reference Uri="http://redfish.dmtf.org/schemas/v1/Settings_v1.xml">
        <edmx:Include Namespace="Settings" />
        <edmx:Include Namespace="Settings.v1_0_0"/>
    </edmx:Reference>
    <edmx:Reference Uri="http://redfish.dmtf.org/schemas/v1/SimpleStorage_v1.xml">
        <edmx:Include Namespace="SimpleStorage" />
        <edmx:Include Namespace="SimpleStorage.v1_0_0"/>
    </edmx:Reference>
    <edmx:Reference Uri="http://redfish.dmtf.org/schemas/v1/SimpleStorageCollection_v1.xml">
        <edmx:Include Namespace="SimpleStorageCollection" />
    </edmx:Reference>
    <edmx:Reference Uri="http://redfish.dmtf.org/schemas/v1/SerialInterface_v1.xml">
        <edmx:Include Namespace="SerialInterface" />
        <edmx:Include Namespace="SerialInterface.v1_0_0"/>
    </edmx:Reference>
    <edmx:Reference Uri="http://redfish.dmtf.org/schemas/v1/SerialInterfaceCollection_v1.xml">
        <edmx:Include Namespace="SerialInterfaceCollection" />
    </edmx:Reference>
    <edmx:Reference Uri="http://redfish.dmtf.org/schemas/v1/SoftwareInventory_v1.xml">
        <edmx:Include Namespace="SoftwareInventory" />
        <edmx:Include Namespace="SoftwareInventory.v1_2_0"/>
    </edmx:Reference>
    <edmx:Reference Uri="http://redfish.dmtf.org/schemas/v1/SoftwareInventoryCollection_v1.xml">
        <edmx:Include Namespace="SoftwareInventoryCollection" />
    </edmx:Reference>
    <edmx:Reference Uri="http://redfish.dmtf.org/schemas/v1/StorageCollection_v1.xml">
        <edmx:Include Namespace="StorageCollection" />
    </edmx:Reference>
    <edmx:Reference Uri="http://redfish.dmtf.org/schemas/v1/StorageControllerCollection_v1.xml">
        <edmx:Include Namespace="StorageControllerCollection" />
    </edmx:Reference>
    <edmx:Reference Uri="http://redfish.dmtf.org/schemas/v1/StorageController_v1.xml">
        <edmx:Include Namespace="StorageController" />
        <edmx:Include Namespace="StorageController.v1_2_0" />
    </edmx:Reference>
    <edmx:Reference Uri="http://redfish.dmtf.org/schemas/v1/Storage_v1.xml">
        <edmx:Include Namespace="Storage" />
        <edmx:Include Namespace="Storage.v1_1_0" />
		<edmx:Include Namespace="Storage.v1_9_0" />
		<edmx:Include Namespace="Storage.v1_10_1" />
		<edmx:Include Namespace="Storage.v1_12_0" />
    </edmx:Reference>
    <edmx:Reference Uri="http://redfish.dmtf.org/schemas/v1/Task_v1.xml">
        <edmx:Include Namespace="Task" />
        <edmx:Include Namespace="Task.v1_0_0"/>
        <edmx:Include Namespace="Task.v1_3_0"/>
    </edmx:Reference>
    <edmx:Reference Uri="http://redfish.dmtf.org/schemas/v1/TaskCollection_v1.xml">
        <edmx:Include Namespace="TaskCollection" />
    </edmx:Reference>
    <edmx:Reference Uri="http://redfish.dmtf.org/schemas/v1/TaskService_v1.xml">
        <edmx:Include Namespace="TaskService" />
        <edmx:Include Namespace="TaskService.v1_0_0"/>
        <edmx:Include Namespace="TaskService.v1_1_1"/>
    </edmx:Reference>
    <edmx:Reference Uri="http://redfish.dmtf.org/schemas/v1/TelemetryService_v1.xml">
        <edmx:Include Namespace="TelemetryService" />
        <edmx:Include Namespace="TelemetryService.v1_0_0"/>
    </edmx:Reference>
    <edmx:Reference Uri="http://redfish.dmtf.org/schemas/v1/Thermal_v1.xml">
        <edmx:Include Namespace="Thermal" />
        <edmx:Include Namespace="Thermal.v1_7_1"/>
    </edmx:Reference>
    <edmx:Reference Uri="http://redfish.dmtf.org/schemas/v1/Triggers_v1.xml">
        <edmx:Include Namespace="Triggers" />
        <edmx:Include Namespace="Triggers.v1_0_0"/>
    </edmx:Reference>
    <edmx:Reference Uri="http://redfish.dmtf.org/schemas/v1/TriggersCollection_v1.xml">
        <edmx:Include Namespace="TriggersCollection" />
    </edmx:Reference>
    <edmx:Reference Uri="http://redfish.dmtf.org/schemas/v1/UpdateService_v1.xml">
        <edmx:Include Namespace="UpdateService" />
        <edmx:Include Namespace="UpdateService.v1_2_1"/>
    </edmx:Reference>
    <edmx:Reference Uri="http://redfish.dmtf.org/schemas/v1/VirtualMedia_v1.xml">
        <edmx:Include Namespace="VirtualMedia" />
        <edmx:Include Namespace="VirtualMedia.v1_0_0"/>
        <edmx:Include Namespace="VirtualMedia.v1_2_0"/>
        <edmx:Include Namespace="VirtualMedia.v1_3_0"/>
    </edmx:Reference>
    <edmx:Reference Uri="http://redfish.dmtf.org/schemas/v1/VirtualMediaCollection_v1.xml">
        <edmx:Include Namespace="VirtualMediaCollection" />
    </edmx:Reference>
    <edmx:Reference Uri="http://redfish.dmtf.org/schemas/v1/VLanNetworkInterface_v1.xml">
        <edmx:Include Namespace="VLanNetworkInterface" />
        <edmx:Include Namespace="VLanNetworkInterface.v1_0_0"/>
        <edmx:Include Namespace="VLanNetworkInterface.v1_1_1"/>
    </edmx:Reference>
    <edmx:Reference Uri="http://redfish.dmtf.org/schemas/v1/VLanNetworkInterfaceCollection_v1.xml">
        <edmx:Include Namespace="VLanNetworkInterfaceCollection" />
    </edmx:Reference>
    <edmx:Reference Uri="http://redfish.dmtf.org/schemas/v1/Volume_v1.xml">
        <edmx:Include Namespace="Volume" />
        <edmx:Include Namespace="Volume.v1_0_0"/>
		<edmx:Include Namespace="Volume.v1_4_0"/>
		<edmx:Include Namespace="Volume.v1_5_0"/>
		<edmx:Include Namespace="Volume.v1_6_2"/>
    </edmx:Reference>
    <edmx:Reference Uri="http://redfish.dmtf.org/schemas/v1/VolumeCollection_v1.xml">
        <edmx:Include Namespace="VolumeCollection" />
    </edmx:Reference>
    <edmx:Reference Uri="http://redfish.dmtf.org/schemas/v1/RedfishExtensions_v1.xml">
        <edmx:Include Namespace="RedfishExtensions.v1_0_0" Alias="Redfish"/>
    </edmx:Reference>
    <edmx:Reference Uri="http://redfish.dmtf.org/schemas/v1/Resource_v1.xml">
        <edmx:Include Namespace="Resource" />
        <edmx:Include Namespace="Resource.v1_1_0" />
    </edmx:Reference>
    <edmx:DataServices>
        <Schema xmlns="http://docs.oasis-open.org/odata/ns/edm" Namespace="Service">
            <EntityContainer Name="Service" Extends="ServiceRoot.v1_1_0.ServiceContainer"/>
        </Schema>
    </edmx:DataServices>
</edmx:Edmx>
