{
    "@odata.context": "/redfish/v1/$metadata#JsonSchemaFile.JsonSchemaFile",
    "@odata.etag": "W/\"8C3988A8\"",
    "@odata.id": "/redfish/v1/JsonSchemas/HpeNetworkDeviceFunction",
    "@odata.type": "#JsonSchemaFile.v1_0_4.JsonSchemaFile",
    "Id": "HpeNetworkDeviceFunction",
    "Description": "Schema Definition File for HpeNetworkDeviceFunction",
    "Languages": [
        "en"
    ],
    "Location": [
        {
            "Language": "en",
            "Uri": "/redfish/v1/SchemaStore/en/HpeNetworkDeviceFunction.json"
        }
    ],
    "Name": "HpeNetworkDeviceFunction Schema Definition File",
    "Schema": "#HpeNetworkDeviceFunction.v1_2_1.HpeNetworkDeviceFunction"
}