{
    "@odata.context": "/redfish/v1/$metadata#JsonSchemaFile.JsonSchemaFile",
    "@odata.etag": "W/\"D8DA8C75\"",
    "@odata.id": "/redfish/v1/JsonSchemas/HpeiLOLicense",
    "@odata.type": "#JsonSchemaFile.v1_0_4.JsonSchemaFile",
    "Id": "HpeiLOLicense",
    "Description": "Schema Definition File for HpeiLOLicense",
    "Languages": [
        "en"
    ],
    "Location": [
        {
            "Language": "en",
            "Uri": "/redfish/v1/SchemaStore/en/HpeiLOLicense.json"
        }
    ],
    "Name": "HpeiLOLicense Schema Definition File",
    "Schema": "#HpeiLOLicense.v2_3_0.HpeiLOLicense"
}