{
    "@odata.context": "/redfish/v1/$metadata#JsonSchemaFile.JsonSchemaFile",
    "@odata.etag": "W/\"99DB17CA\"",
    "@odata.id": "/redfish/v1/JsonSchemas/ExtendedInfo",
    "@odata.type": "#JsonSchemaFile.v1_0_4.JsonSchemaFile",
    "Id": "ExtendedInfo",
    "Description": "Schema Definition File for ExtendedInfo",
    "Languages": [
        "en"
    ],
    "Location": [
        {
            "Language": "en",
            "Uri": "/redfish/v1/SchemaStore/en/ExtendedInfo.json"
        }
    ],
    "Name": "ExtendedInfo Schema Definition File",
    "Schema": "#ExtendedInfo.v1_0_0.ExtendedInfo"
}