{
    "@odata.context": "/redfish/v1/$metadata#JsonSchemaFile.JsonSchemaFile",
    "@odata.etag": "W/\"AD709B7F\"",
    "@odata.id": "/redfish/v1/JsonSchemas/HpeMaintenanceWindow",
    "@odata.type": "#JsonSchemaFile.v1_0_4.JsonSchemaFile",
    "Id": "HpeMaintenanceWindow",
    "Description": "Schema Definition File for HpeMaintenanceWindow",
    "Languages": [
        "en"
    ],
    "Location": [
        {
            "Language": "en",
            "Uri": "/redfish/v1/SchemaStore/en/HpeMaintenanceWindow.json"
        }
    ],
    "Name": "HpeMaintenanceWindow Schema Definition File",
    "Schema": "#HpeMaintenanceWindow.v1_0_1.HpeMaintenanceWindow"
}