{
    "@odata.context": "/redfish/v1/$metadata#JsonSchemaFile.JsonSchemaFile",
    "@odata.etag": "W/\"B9F46A23\"",
    "@odata.id": "/redfish/v1/JsonSchemas/HpeiLO",
    "@odata.type": "#JsonSchemaFile.v1_0_4.JsonSchemaFile",
    "Id": "HpeiLO",
    "Description": "Schema Definition File for HpeiLO",
    "Languages": [
        "en"
    ],
    "Location": [
        {
            "Language": "en",
            "Uri": "/redfish/v1/SchemaStore/en/HpeiLO.json"
        }
    ],
    "Name": "HpeiLO Schema Definition File",
    "Schema": "#HpeiLO.v2_8_1.HpeiLO"
}