{
    "@odata.context": "/redfish/v1/$metadata#JsonSchemaFile.JsonSchemaFile",
    "@odata.etag": "W/\"850C5A3D\"",
    "@odata.id": "/redfish/v1/JsonSchemas/HpeDirectoryGroup",
    "@odata.type": "#JsonSchemaFile.v1_0_4.JsonSchemaFile",
    "Id": "HpeDirectoryGroup",
    "Description": "Schema Definition File for HpeDirectoryGroup",
    "Languages": [
        "en"
    ],
    "Location": [
        {
            "Language": "en",
            "Uri": "/redfish/v1/SchemaStore/en/HpeDirectoryGroup.json"
        }
    ],
    "Name": "HpeDirectoryGroup Schema Definition File",
    "Schema": "#HpeDirectoryGroup.v1_0_0.HpeDirectoryGroup"
}