{
    "@odata.context": "/redfish/v1/$metadata#HpeServerDevice.HpeServerDevice",
    "@odata.etag": "W/\"E25FC09C\"",
    "@odata.id": "/redfish/v1/Chassis/1/Devices/1",
    "@odata.type": "#HpeServerDevice.v2_1_0.HpeServerDevice",
    "Id": "1",
    "DeviceInstances": [
        {
            "@odata.id": "/redfish/v1/Systems/1/PCIDevices/7"
        }
    ],
    "DeviceType": "Converged Network Adapter",
    "FirmwareVersion": {
        "Current": {
            "VersionString": "8.50.22"
        }
    },
    "Links": {
        "PCISlot": {
            "@odata.id": "/redfish/v1/Systems/1/PCISlots/1"
        }
    },
    "Location": "PCI-E Slot 1",
    "Manufacturer": "HPE",
    "Name": "HPE Eth 10/25Gb 2p 621SFP28 Adptr",
    "PartNumber": "869570-001",
    "ProductPartNumber": "867328-B21",
    "ProductVersion": "",
    "SerialNumber": "MY57440BWB",
    "Status": {
        "Health": "Warning",
        "State": "Enabled"
    }
}