{
    "@odata.context": "/redfish/v1/$metadata#JsonSchemaFile.JsonSchemaFile",
    "@odata.etag": "W/\"5338E6F6\"",
    "@odata.id": "/redfish/v1/JsonSchemas/HpeComponentUpdateEntry",
    "@odata.type": "#JsonSchemaFile.v1_0_4.JsonSchemaFile",
    "Id": "HpeComponentUpdateEntry",
    "Description": "Schema Definition File for HpeComponentUpdateEntry",
    "Languages": [
        "en"
    ],
    "Location": [
        {
            "Language": "en",
            "Uri": "/redfish/v1/SchemaStore/en/HpeComponentUpdateEntry.json"
        }
    ],
    "Name": "HpeComponentUpdateEntry Schema Definition File",
    "Schema": "#HpeComponentUpdateEntry.v1_0_1.HpeComponentUpdateEntry"
}