{
    "@odata.context": "/redfish/v1/$metadata#JsonSchemaFile.JsonSchemaFile",
    "@odata.etag": "W/\"EA8855BF\"",
    "@odata.id": "/redfish/v1/JsonSchemas/HpeiLOSecurityParamCollection",
    "@odata.type": "#JsonSchemaFile.v1_0_4.JsonSchemaFile",
    "Id": "HpeiLOSecurityParamCollection",
    "Description": "Schema Definition File for HpeiLOSecurityParamCollection",
    "Languages": [
        "en"
    ],
    "Location": [
        {
            "Language": "en",
            "Uri": "/redfish/v1/SchemaStore/en/HpeiLOSecurityParamCollection.json"
        }
    ],
    "Name": "HpeiLOSecurityParamCollection Schema Definition File",
    "Schema": "#HpeiLOSecurityParamCollection.HpeiLOSecurityParamCollection"
}