{
    "@odata.context": "/redfish/v1/$metadata#JsonSchemaFile.JsonSchemaFile",
    "@odata.etag": "W/\"A285F2BC\"",
    "@odata.id": "/redfish/v1/JsonSchemas/HpeiLOSessionsSummary",
    "@odata.type": "#JsonSchemaFile.v1_0_4.JsonSchemaFile",
    "Id": "HpeiLOSessionsSummary",
    "Description": "Schema Definition File for HpeiLOSessionsSummary",
    "Languages": [
        "en"
    ],
    "Location": [
        {
            "Language": "en",
            "Uri": "/redfish/v1/SchemaStore/en/HpeiLOSessionsSummary.json"
        }
    ],
    "Name": "HpeiLOSessionsSummary Schema Definition File",
    "Schema": "#HpeiLOSessionsSummary.v2_0_0.HpeiLOSessionsSummary"
}