{
    "@odata.context": "/redfish/v1/$metadata#JsonSchemaFile.JsonSchemaFile",
    "@odata.etag": "W/\"889921B9\"",
    "@odata.id": "/redfish/v1/JsonSchemas/HpeSNMPAlertDestination",
    "@odata.type": "#JsonSchemaFile.v1_0_4.JsonSchemaFile",
    "Id": "HpeSNMPAlertDestination",
    "Description": "Schema Definition File for HpeSNMPAlertDestination",
    "Languages": [
        "en"
    ],
    "Location": [
        {
            "Language": "en",
            "Uri": "/redfish/v1/SchemaStore/en/HpeSNMPAlertDestination.json"
        }
    ],
    "Name": "HpeSNMPAlertDestination Schema Definition File",
    "Schema": "#HpeSNMPAlertDestination.v2_0_0.HpeSNMPAlertDestination"
}