{
    "@odata.context": "/redfish/v1/$metadata#JsonSchemaFile.JsonSchemaFile",
    "@odata.etag": "W/\"8A451152\"",
    "@odata.id": "/redfish/v1/JsonSchemas/HpeiLOSSO",
    "@odata.type": "#JsonSchemaFile.v1_0_4.JsonSchemaFile",
    "Id": "HpeiLOSSO",
    "Description": "Schema Definition File for HpeiLOSSO",
    "Languages": [
        "en"
    ],
    "Location": [
        {
            "Language": "en",
            "Uri": "/redfish/v1/SchemaStore/en/HpeiLOSSO.json"
        }
    ],
    "Name": "HpeiLOSSO Schema Definition File",
    "Schema": "#HpeiLOSSO.v2_0_0.HpeiLOSSO"
}