{
    "@odata.context": "/redfish/v1/$metadata#HpeServerDevice.HpeServerDevice",
    "@odata.etag": "W/\"16E6929F\"",
    "@odata.id": "/redfish/v1/Chassis/1/Devices/4",
    "@odata.type": "#HpeServerDevice.v2_1_0.HpeServerDevice",
    "Id": "4",
    "DeviceType": "Unknown",
    "FirmwareVersion": {
        "Current": {
            "VersionString": "N/A"
        }
    },
    "Location": "Embedded LOM",
    "Manufacturer": "",
    "Name": "Empty",
    "PartNumber": "",
    "ProductPartNumber": "",
    "ProductVersion": "",
    "SerialNumber": "",
    "Status": {
        "State": "Absent"
    }
}