{
    "@odata.context": "/redfish/v1/$metadata#JsonSchemaFile.JsonSchemaFile",
    "@odata.etag": "W/\"02E6EE72\"",
    "@odata.id": "/redfish/v1/JsonSchemas/HpeiLOManagerNetworkService",
    "@odata.type": "#JsonSchemaFile.v1_0_4.JsonSchemaFile",
    "Id": "HpeiLOManagerNetworkService",
    "Description": "Schema Definition File for HpeiLOManagerNetworkService",
    "Languages": [
        "en"
    ],
    "Location": [
        {
            "Language": "en",
            "Uri": "/redfish/v1/SchemaStore/en/HpeiLOManagerNetworkService.json"
        }
    ],
    "Name": "HpeiLOManagerNetworkService Schema Definition File",
    "Schema": "#HpeiLOManagerNetworkService.v2_2_0.HpeiLOManagerNetworkService"
}