{
    "@odata.context": "/redfish/v1/$metadata#CertificateService.CertificateService",
    "@odata.etag": "W/\"90FBE318\"",
    "@odata.id": "/redfish/v1/CertificateService",
    "@odata.type": "#CertificateService.v1_0_3.CertificateService",
    "Id": "CertificateService",
    "Actions": {
        "#CertificateService.GenerateCSR": {
            "KeyUsage@Redfish.AllowableValues": [
                "DigitalSignature",
                "NonRepudiation",
                "KeyEncipherment",
                "DataEncipherment",
                "KeyAgreement",
                "KeyCertSign",
                "CRLSigning",
                "EncipherOnly",
                "DecipherOnly",
                "ServerAuthentication",
                "ClientAuthentication",
                "CodeSigning",
                "EmailProtection",
                "Timestamping",
                "OCSPSigning"
            ],
            "target": "/redfish/v1/CertificateService/Actions/CertificateService.GenerateCSR"
        }
    },
    "CertificateLocations": {
        "@odata.id": "/redfish/v1/CertificateService/CertificateLocations"
    },
    "Description": "Certificate service",
    "Name": "Certificate Service"
}