{
    "@odata.context": "/redfish/v1/$metadata#JsonSchemaFile.JsonSchemaFile",
    "@odata.etag": "W/\"E40AD607\"",
    "@odata.id": "/redfish/v1/JsonSchemas/HpeCertificate",
    "@odata.type": "#JsonSchemaFile.v1_0_4.JsonSchemaFile",
    "Id": "HpeCertificate",
    "Description": "Schema Definition File for HpeCertificate",
    "Languages": [
        "en"
    ],
    "Location": [
        {
            "Language": "en",
            "Uri": "/redfish/v1/SchemaStore/en/HpeCertificate.json"
        }
    ],
    "Name": "HpeCertificate Schema Definition File",
    "Schema": "#HpeCertificate.v1_0_0.HpeCertificate"
}