{
    "@odata.context": "/redfish/v1/$metadata#JsonSchemaFile.JsonSchemaFile",
    "@odata.etag": "W/\"535C7E11\"",
    "@odata.id": "/redfish/v1/JsonSchemas/HpeNetworkPortEVB",
    "@odata.type": "#JsonSchemaFile.v1_0_4.JsonSchemaFile",
    "Id": "HpeNetworkPortEVB",
    "Description": "Schema Definition File for HpeNetworkPortEVB",
    "Languages": [
        "en"
    ],
    "Location": [
        {
            "Language": "en",
            "Uri": "/redfish/v1/SchemaStore/en/HpeNetworkPortEVB.json"
        }
    ],
    "Name": "HpeNetworkPortEVB Schema Definition File",
    "Schema": "#HpeNetworkPortEVB.v1_2_0.HpeNetworkPortEVB"
}