{
    "@odata.context": "/redfish/v1/$metadata#PCIeDevice.PCIeDevice",
    "@odata.etag": "W/\"4DA55F10\"",
    "@odata.id": "/redfish/v1/Chassis/1/PCIeDevices/179",
    "@odata.type": "#PCIeDevice.v1_5_0.PCIeDevice",
    "Id": "179",
    "FirmwareVersion": "2.5",
    "Manufacturer": "",
    "Model": "",
    "Name": "Embedded Video Controller",
    "PCIeFunctions": {
        "@odata.id": "/redfish/v1/Chassis/1/PCIeDevices/179/PCIeFunctions"
    },
    "PartNumber": "",
    "SKU": "",
    "SerialNumber": "",
    "Status": {
        "Health": "OK",
        "State": "Enabled"
    }
}