{
    "@odata.context": "/redfish/v1/$metadata#JsonSchemaFile.JsonSchemaFile",
    "@odata.etag": "W/\"3E91EE95\"",
    "@odata.id": "/redfish/v1/JsonSchemas/HpeServerAccPowerLimit",
    "@odata.type": "#JsonSchemaFile.v1_0_4.JsonSchemaFile",
    "Id": "HpeServerAccPowerLimit",
    "Description": "Schema Definition File for HpeServerAccPowerLimit",
    "Languages": [
        "en"
    ],
    "Location": [
        {
            "Language": "en",
            "Uri": "/redfish/v1/SchemaStore/en/HpeServerAccPowerLimit.json"
        }
    ],
    "Name": "HpeServerAccPowerLimit Schema Definition File",
    "Schema": "#HpeServerAccPowerLimit.v1_0_0.HpeServerAccPowerLimit"
}