{
    "@odata.context": "/redfish/v1/$metadata#PCIeFunction.PCIeFunction",
    "@odata.etag": "W/\"A3A6BF43\"",
    "@odata.id": "/redfish/v1/Chassis/1/PCIeDevices/178/PCIeFunctions/1",
    "@odata.type": "#PCIeFunction.v1_2_3.PCIeFunction",
    "Id": "1",
    "ClassCode": "1",
    "DeviceClass": "MassStorageController",
    "DeviceId": "655",
    "FunctionId": 1,
    "FunctionType": "Physical",
    "Name": "Function 1",
    "RevisionId": "2.59-18",
    "SubsystemId": "1538",
    "SubsystemVendorId": "4156",
    "VendorId": "36869"
}