{
    "@odata.context": "/redfish/v1/$metadata#JsonSchemaFile.JsonSchemaFile",
    "@odata.etag": "W/\"5FFA734F\"",
    "@odata.id": "/redfish/v1/JsonSchemas/HpeBaseNetworkAdapterExt",
    "@odata.type": "#JsonSchemaFile.v1_0_4.JsonSchemaFile",
    "Id": "HpeBaseNetworkAdapterExt",
    "Description": "Schema Definition File for HpeBaseNetworkAdapterExt",
    "Languages": [
        "en"
    ],
    "Location": [
        {
            "Language": "en",
            "Uri": "/redfish/v1/SchemaStore/en/HpeBaseNetworkAdapterExt.json"
        }
    ],
    "Name": "HpeBaseNetworkAdapterExt Schema Definition File",
    "Schema": "#HpeBaseNetworkAdapterExt.v2_0_0.HpeBaseNetworkAdapterExt"
}