{
    "@odata.context": "/redfish/v1/$metadata#JsonSchemaFile.JsonSchemaFile",
    "@odata.etag": "W/\"6A8A05A4\"",
    "@odata.id": "/redfish/v1/JsonSchemas/HpeiLOFrusCollection",
    "@odata.type": "#JsonSchemaFile.v1_0_4.JsonSchemaFile",
    "Id": "HpeiLOFrusCollection",
    "Description": "Schema Definition File for HpeiLOFrusCollection",
    "Languages": [
        "en"
    ],
    "Location": [
        {
            "Language": "en",
            "Uri": "/redfish/v1/SchemaStore/en/HpeiLOFrusCollection.json"
        }
    ],
    "Name": "HpeiLOFrusCollection Schema Definition File",
    "Schema": "#HpeiLOFrusCollection.HpeiLOFrusCollection"
}