{
    "@odata.context": "/redfish/v1/$metadata#NetworkPort.NetworkPort",
    "@odata.etag": "W/\"9DB799C1\"",
    "@odata.id": "/redfish/v1/Chassis/1/NetworkAdapters/DC080000/NetworkPorts/2/Settings",
    "@odata.type": "#NetworkPort.v1_2_5.NetworkPort",
    "Id": "Settings",
    "@Redfish.Settings": {
        "SettingsObject": {
            "@odata.id": "/redfish/v1/Chassis/1/NetworkAdapters/DC080000/NetworkPorts/2/Settings"
        }
    },
    "ActiveLinkTechnology": "Ethernet",
    "AssociatedNetworkAddresses": [
        "94:F1:28:B3:DB:B9"
    ],
    "CurrentLinkSpeedMbps": 0,
    "Description": "Port status and pending configuration data",
    "EEEEnabled": false,
    "FlowControlConfiguration": "None",
    "FlowControlStatus": "None",
    "LinkStatus": "Down",
    "Name": "Network adapter port",
    "NetDevFuncMaxBWAlloc": [
        {
            "MaxBWAllocPercent": 100,
            "NetworkDeviceFunction": {
                "@odata.id": "/redfish/v1/Chassis/1/NetworkAdapters/DC080000/NetworkDeviceFunctions/2"
            }
        },
        {
            "MaxBWAllocPercent": 1,
            "NetworkDeviceFunction": {
                "@odata.id": "/redfish/v1/Chassis/1/NetworkAdapters/DC080000/NetworkDeviceFunctions/4"
            }
        },
        {
            "MaxBWAllocPercent": 1,
            "NetworkDeviceFunction": {
                "@odata.id": "/redfish/v1/Chassis/1/NetworkAdapters/DC080000/NetworkDeviceFunctions/6"
            }
        },
        {
            "MaxBWAllocPercent": 1,
            "NetworkDeviceFunction": {
                "@odata.id": "/redfish/v1/Chassis/1/NetworkAdapters/DC080000/NetworkDeviceFunctions/8"
            }
        },
        {
            "MaxBWAllocPercent": 1,
            "NetworkDeviceFunction": {
                "@odata.id": "/redfish/v1/Chassis/1/NetworkAdapters/DC080000/NetworkDeviceFunctions/10"
            }
        },
        {
            "MaxBWAllocPercent": 1,
            "NetworkDeviceFunction": {
                "@odata.id": "/redfish/v1/Chassis/1/NetworkAdapters/DC080000/NetworkDeviceFunctions/12"
            }
        },
        {
            "MaxBWAllocPercent": 1,
            "NetworkDeviceFunction": {
                "@odata.id": "/redfish/v1/Chassis/1/NetworkAdapters/DC080000/NetworkDeviceFunctions/14"
            }
        },
        {
            "MaxBWAllocPercent": 1,
            "NetworkDeviceFunction": {
                "@odata.id": "/redfish/v1/Chassis/1/NetworkAdapters/DC080000/NetworkDeviceFunctions/16"
            }
        }
    ],
    "NetDevFuncMinBWAlloc": [
        {
            "MinBWAllocPercent": 3,
            "NetworkDeviceFunction": {
                "@odata.id": "/redfish/v1/Chassis/1/NetworkAdapters/DC080000/NetworkDeviceFunctions/2"
            }
        },
        {
            "MinBWAllocPercent": 0,
            "NetworkDeviceFunction": {
                "@odata.id": "/redfish/v1/Chassis/1/NetworkAdapters/DC080000/NetworkDeviceFunctions/4"
            }
        },
        {
            "MinBWAllocPercent": 0,
            "NetworkDeviceFunction": {
                "@odata.id": "/redfish/v1/Chassis/1/NetworkAdapters/DC080000/NetworkDeviceFunctions/6"
            }
        },
        {
            "MinBWAllocPercent": 0,
            "NetworkDeviceFunction": {
                "@odata.id": "/redfish/v1/Chassis/1/NetworkAdapters/DC080000/NetworkDeviceFunctions/8"
            }
        },
        {
            "MinBWAllocPercent": 0,
            "NetworkDeviceFunction": {
                "@odata.id": "/redfish/v1/Chassis/1/NetworkAdapters/DC080000/NetworkDeviceFunctions/10"
            }
        },
        {
            "MinBWAllocPercent": 0,
            "NetworkDeviceFunction": {
                "@odata.id": "/redfish/v1/Chassis/1/NetworkAdapters/DC080000/NetworkDeviceFunctions/12"
            }
        },
        {
            "MinBWAllocPercent": 0,
            "NetworkDeviceFunction": {
                "@odata.id": "/redfish/v1/Chassis/1/NetworkAdapters/DC080000/NetworkDeviceFunctions/14"
            }
        },
        {
            "MinBWAllocPercent": 0,
            "NetworkDeviceFunction": {
                "@odata.id": "/redfish/v1/Chassis/1/NetworkAdapters/DC080000/NetworkDeviceFunctions/16"
            }
        }
    ],
    "Oem": {
        "Hpe": {
            "@odata.context": "/redfish/v1/$metadata#HpeNetworkPort.HpeNetworkPort",
            "@odata.type": "#HpeNetworkPort.v1_3_2.HpeNetworkPort",
            "Actions": {
                "#HpeNetworkPort.DiagnosticsReset": {
                    "target": "/redfish/v1/Chassis/1/NetworkAdapters/DC080000/NetworkPorts/2/Actions/Oem/Hpe/HpeNetworkPort.DiagnosticsReset",
                    "title": "Reset diagnostic capabilities on this port to an inactive state."
                },
                "#NetworkPort.DiagnosticsReset": {
                    "target": "/redfish/v1/Chassis/1/NetworkAdapters/DC080000/NetworkPorts/2/Actions/Oem/Hpe/NetworkPort.DiagnosticsReset",
                    "title": "NOTE: Deprecated, will be removed in a future release. Replaced by HpeNetworkPort.DiagnosticsReset. Reset diagnostic capabilities on this port to an inactive state."
                }
            },
            "AutoNegotiationCapable": true,
            "ConfiguredNetworkLinks": [
                {
                    "ConfiguredLinkSpeedGbps": 10
                },
                {
                    "ConfiguredLinkSpeedGbps": 25
                }
            ],
            "Evb": {
                "odataId": "/redfish/v1/Chassis/1/NetworkAdapters/DC080000/NetworkPorts/2/HpeEVB"
            },
            "EvbData": {
                "Receiving": {
                    "CdcpActive": false,
                    "ChannelActive": false,
                    "ChannelDescriptionLocalSequenceNumber": 0,
                    "ChannelDescriptionRemoteSequenceNumber": 0,
                    "ChannelDescriptionSubtype": 12,
                    "ChannelLinkControlLocalSequenceNumber": 0,
                    "ChannelLinkControlMCEnable": false,
                    "ChannelLinkControlRemoteSequenceNumber": 0,
                    "ChannelLinkControlSubtype": 11,
                    "Role": "bridge",
                    "SChannelAssignments": [
                        {
                            "Scid": 1,
                            "Svid": 1
                        }
                    ],
                    "SChannelMaxCount": 0,
                    "SChannelsSupported": false,
                    "VirtualLinkStatusVector": "00000000"
                },
                "Transmitting": {
                    "ChannelDescriptionData": [],
                    "ChannelDescriptionLocalSequenceNumber": 3558,
                    "ChannelDescriptionRemoteSequenceNumber": 0,
                    "ChannelDescriptorCount": 0,
                    "ChannelLinkControlLocalSequenceNumber": 10365,
                    "ChannelLinkControlMCEnable": false,
                    "ChannelLinkControlRemoteSequenceNumber": 0,
                    "Role": "station",
                    "SChannelAssignments": [
                        {
                            "Scid": 1,
                            "Svid": 0
                        },
                        {
                            "Scid": 2,
                            "Svid": 0
                        },
                        {
                            "Scid": 3,
                            "Svid": 0
                        },
                        {
                            "Scid": 4,
                            "Svid": 0
                        },
                        {
                            "Scid": 5,
                            "Svid": 0
                        },
                        {
                            "Scid": 6,
                            "Svid": 0
                        },
                        {
                            "Scid": 7,
                            "Svid": 0
                        },
                        {
                            "Scid": 8,
                            "Svid": 0
                        },
                        {
                            "Scid": 9,
                            "Svid": 0
                        }
                    ],
                    "SChannelMaxCount": 9,
                    "SChannelsSupported": true,
                    "VirtualLinkStatusVector": "0000000000000000"
                }
            },
            "Lldp": {
                "odataId": "/redfish/v1/Chassis/1/NetworkAdapters/DC080000/NetworkPorts/2/HpeLLDP"
            },
            "LldpData": {
                "Receiving": {
                    "ChassisID": "N/A",
                    "ChassisIDSubtype": "IfName",
                    "Dcb": {
                        "ApplicationPriorityReceived": false,
                        "ApplicationPriorityTable": [
                            {
                                "ApplicationPriority": 0,
                                "ApplicationProtocol": 0,
                                "ApplicationSelect": "reserved"
                            }
                        ],
                        "Ets": {
                            "BandwidthAssignmentTable": [
                                100,
                                0,
                                0,
                                0,
                                0,
                                0,
                                0,
                                0
                            ],
                            "CreditBasedShaper": false,
                            "MaximumTrafficClassCount": 8,
                            "PriorityAssignmentTable": [
                                0,
                                0,
                                0,
                                0,
                                0,
                                0,
                                0,
                                0
                            ],
                            "TlvReceived": false,
                            "TrafficSelectionAlgorithmTable": [
                                "ETS",
                                "ETS",
                                "ETS",
                                "ETS",
                                "ETS",
                                "ETS",
                                "ETS",
                                "ETS"
                            ],
                            "Willing": false
                        },
                        "LocalEqualRemote": false,
                        "Pfc": {
                            "EnabledTrafficClasses": "00000000",
                            "MacSecurityBypassCapability": false,
                            "MaximumTrafficClassCount": 0,
                            "TlvReceived": false,
                            "Willing": false
                        },
                        "Version": "unknown"
                    },
                    "ManagementAddress": "00:00:00:00:00:00",
                    "ManagementAddressOID": "",
                    "ManagementAddressReceived": false,
                    "ManagementAddressType": "all802",
                    "ManagementIFNumSubtype": "unknown",
                    "ManagementIFNumber": "00:00:00:00",
                    "ManagementVlanReceived": false,
                    "NearestBridgeTtlExpired": true,
                    "PortDescription": "N/A",
                    "PortID": "4E:2F:41",
                    "PortIDSubtype": "IfName",
                    "SystemDescription": "N/A"
                },
                "Transmitting": {
                    "ChassisID": "39373638-3935-4753-4838-343953434B46",
                    "ChassisIDSubtype": "LocalAssign",
                    "ManagementAddresses": [
                        {
                            "ManagementIPAddress": "15.146.51.208",
                            "ManagementIPAddressType": "IPv4"
                        },
                        {
                            "ManagementIPAddress": "80:30:E0:30:54:30",
                            "ManagementIPAddressType": "all802"
                        }
                    ],
                    "ManagementCvlanIDTransmitted": false,
                    "PortDescription": "PCI-E Slot 1, Port 2",
                    "PortID": "94:F1:28:B3:DB:B9",
                    "PortIDSubtype": "MacAddr",
                    "SystemDescription": "ProLiant DL360 Gen10"
                }
            },
            "PortDiagnosticEnableLocalLoopback": false,
            "PortDiagnosticEnableRemoteLoopback": false,
            "PortDiagnosticLocalLoopbackCapable": false,
            "PortDiagnosticRemoteLoopbackCapable": false,
            "PortDiagnosticsEnabled": false,
            "VirtualFunctionAllocations": [
                {
                    "NetworkDeviceFunction": {
                        "odataId": "/redfish/v1/Chassis/1/NetworkAdapters/DC080000/NetworkDeviceFunctions/2"
                    },
                    "VirtualFunctionsAllocated": 96
                },
                {
                    "NetworkDeviceFunction": {
                        "odataId": "/redfish/v1/Chassis/1/NetworkAdapters/DC080000/NetworkDeviceFunctions/4"
                    },
                    "VirtualFunctionsAllocated": 0
                },
                {
                    "NetworkDeviceFunction": {
                        "odataId": "/redfish/v1/Chassis/1/NetworkAdapters/DC080000/NetworkDeviceFunctions/6"
                    },
                    "VirtualFunctionsAllocated": 0
                },
                {
                    "NetworkDeviceFunction": {
                        "odataId": "/redfish/v1/Chassis/1/NetworkAdapters/DC080000/NetworkDeviceFunctions/8"
                    },
                    "VirtualFunctionsAllocated": 0
                },
                {
                    "NetworkDeviceFunction": {
                        "odataId": "/redfish/v1/Chassis/1/NetworkAdapters/DC080000/NetworkDeviceFunctions/10"
                    },
                    "VirtualFunctionsAllocated": 0
                },
                {
                    "NetworkDeviceFunction": {
                        "odataId": "/redfish/v1/Chassis/1/NetworkAdapters/DC080000/NetworkDeviceFunctions/12"
                    },
                    "VirtualFunctionsAllocated": 0
                },
                {
                    "NetworkDeviceFunction": {
                        "odataId": "/redfish/v1/Chassis/1/NetworkAdapters/DC080000/NetworkDeviceFunctions/14"
                    },
                    "VirtualFunctionsAllocated": 0
                },
                {
                    "NetworkDeviceFunction": {
                        "odataId": "/redfish/v1/Chassis/1/NetworkAdapters/DC080000/NetworkDeviceFunctions/16"
                    },
                    "VirtualFunctionsAllocated": 0
                }
            ]
        }
    },
    "PhysicalPortNumber": "2",
    "PortMaximumMTU": 9600,
    "Settings": {
        "href": "/redfish/v1/Chassis/1/NetworkAdapters/DC080000/NetworkPorts/2/Settings"
    },
    "SignalDetected": false,
    "SupportedEthernetCapabilities": [
        "WakeOnLAN"
    ],
    "SupportedLinkCapabilities": [
        {
            "CapableLinkSpeedMbps": [
                10000,
                25000
            ],
            "LinkNetworkTechnology": "Ethernet"
        }
    ]
}