{
    "@odata.context": "/redfish/v1/$metadata#JsonSchemaFile.JsonSchemaFile",
    "@odata.etag": "W/\"29719DBA\"",
    "@odata.id": "/redfish/v1/JsonSchemas/HpeAdvancedMemoryProtection",
    "@odata.type": "#JsonSchemaFile.v1_0_4.JsonSchemaFile",
    "Id": "HpeAdvancedMemoryProtection",
    "Description": "Schema Definition File for HpeAdvancedMemoryProtection",
    "Languages": [
        "en"
    ],
    "Location": [
        {
            "Language": "en",
            "Uri": "/redfish/v1/SchemaStore/en/HpeAdvancedMemoryProtection.json"
        }
    ],
    "Name": "HpeAdvancedMemoryProtection Schema Definition File",
    "Schema": "#HpeAdvancedMemoryProtection.v2_0_0.HpeAdvancedMemoryProtection"
}