{
    "@odata.context": "/redfish/v1/$metadata#JsonSchemaFile.JsonSchemaFile",
    "@odata.etag": "W/\"131A8046\"",
    "@odata.id": "/redfish/v1/JsonSchemas/HpeNetworkPort",
    "@odata.type": "#JsonSchemaFile.v1_0_4.JsonSchemaFile",
    "Id": "HpeNetworkPort",
    "Description": "Schema Definition File for HpeNetworkPort",
    "Languages": [
        "en"
    ],
    "Location": [
        {
            "Language": "en",
            "Uri": "/redfish/v1/SchemaStore/en/HpeNetworkPort.json"
        }
    ],
    "Name": "HpeNetworkPort Schema Definition File",
    "Schema": "#HpeNetworkPort.v1_3_2.HpeNetworkPort"
}