{
    "@odata.context": "/redfish/v1/$metadata#JsonSchemaFile.JsonSchemaFile",
    "@odata.etag": "W/\"1F1FAFFC\"",
    "@odata.id": "/redfish/v1/JsonSchemas/HpeComponentRepositoryInformation",
    "@odata.type": "#JsonSchemaFile.v1_0_4.JsonSchemaFile",
    "Id": "HpeComponentRepositoryInformation",
    "Description": "Schema Definition File for HpeComponentRepositoryInformation",
    "Languages": [
        "en"
    ],
    "Location": [
        {
            "Language": "en",
            "Uri": "/redfish/v1/SchemaStore/en/HpeComponentRepositoryInformation.json"
        }
    ],
    "Name": "HpeComponentRepositoryInformation Schema Definition File",
    "Schema": "#HpeComponentRepositoryInformation.v2_0_0.HpeComponentRepositoryInformation"
}