{
    "@odata.context": "/redfish/v1/$metadata#HpeiLOAccountCertificateMap.HpeiLOAccountCertificateMap",
    "@odata.etag": "W/\"A643C195\"",
    "@odata.id": "/redfish/v1/AccountService/UserCertificateMapping/1",
    "@odata.type": "#HpeiLOAccountCertificateMap.v1_0_1.HpeiLOAccountCertificateMap",
    "Id": "1",
    "Fingerprint": "00:00:00:00:00:00:00:00:00:00:00:00:00:00:00:00:00:00:00:00:00:00:00:00:00:00:00:00:00:00:00:00",
    "FingerprintDigestAlgorithm": "SHA256",
    "UserName": "Administrator"
}