{
    "@odata.context": "/redfish/v1/$metadata#JsonSchemaFile.JsonSchemaFile",
    "@odata.etag": "W/\"8E2225ED\"",
    "@odata.id": "/redfish/v1/JsonSchemas/HpeComponentCollection",
    "@odata.type": "#JsonSchemaFile.v1_0_4.JsonSchemaFile",
    "Id": "HpeComponentCollection",
    "Description": "Schema Definition File for HpeComponentCollection",
    "Languages": [
        "en"
    ],
    "Location": [
        {
            "Language": "en",
            "Uri": "/redfish/v1/SchemaStore/en/HpeComponentCollection.json"
        }
    ],
    "Name": "HpeComponentCollection Schema Definition File",
    "Schema": "#HpeComponentCollection.HpeComponentCollection"
}