{
    "@odata.context": "/redfish/v1/$metadata#JsonSchemaFile.JsonSchemaFile",
    "@odata.etag": "W/\"778C8EDC\"",
    "@odata.id": "/redfish/v1/JsonSchemas/HpeiLODriveExt",
    "@odata.type": "#JsonSchemaFile.v1_0_4.JsonSchemaFile",
    "Id": "HpeiLODriveExt",
    "Description": "Schema Definition File for HpeiLODriveExt",
    "Languages": [
        "en"
    ],
    "Location": [
        {
            "Language": "en",
            "Uri": "/redfish/v1/SchemaStore/en/HpeiLODriveExt.json"
        }
    ],
    "Name": "HpeiLODriveExt Schema Definition File",
    "Schema": "#HpeiLODriveExt.v2_0_1.HpeiLODriveExt"
}