{
    "@odata.context": "/redfish/v1/$metadata#JsonSchemaFile.JsonSchemaFile",
    "@odata.etag": "W/\"80114301\"",
    "@odata.id": "/redfish/v1/JsonSchemas/HpePowerMeter",
    "@odata.type": "#JsonSchemaFile.v1_0_4.JsonSchemaFile",
    "Id": "HpePowerMeter",
    "Description": "Schema Definition File for HpePowerMeter",
    "Languages": [
        "en"
    ],
    "Location": [
        {
            "Language": "en",
            "Uri": "/redfish/v1/SchemaStore/en/HpePowerMeter.json"
        }
    ],
    "Name": "HpePowerMeter Schema Definition File",
    "Schema": "#HpePowerMeter.v2_0_1.HpePowerMeter"
}