{
    "@odata.context": "/redfish/v1/$metadata#JsonSchemaFile.JsonSchemaFile",
    "@odata.etag": "W/\"45779EF6\"",
    "@odata.id": "/redfish/v1/JsonSchemas/HpeServerPCISlot",
    "@odata.type": "#JsonSchemaFile.v1_0_4.JsonSchemaFile",
    "Id": "HpeServerPCISlot",
    "Description": "Schema Definition File for HpeServerPCISlot",
    "Languages": [
        "en"
    ],
    "Location": [
        {
            "Language": "en",
            "Uri": "/redfish/v1/SchemaStore/en/HpeServerPCISlot.json"
        }
    ],
    "Name": "HpeServerPCISlot Schema Definition File",
    "Schema": "#HpeServerPCISlot.v2_1_1.HpeServerPCISlot"
}