{
    "@odata.context": "/redfish/v1/$metadata#JsonSchemaFile.JsonSchemaFile",
    "@odata.etag": "W/\"8A16FE77\"",
    "@odata.id": "/redfish/v1/JsonSchemas/HpeiLOBackupFile",
    "@odata.type": "#JsonSchemaFile.v1_0_4.JsonSchemaFile",
    "Id": "HpeiLOBackupFile",
    "Description": "Schema Definition File for HpeiLOBackupFile",
    "Languages": [
        "en"
    ],
    "Location": [
        {
            "Language": "en",
            "Uri": "/redfish/v1/SchemaStore/en/HpeiLOBackupFile.json"
        }
    ],
    "Name": "HpeiLOBackupFile Schema Definition File",
    "Schema": "#HpeiLOBackupFile.v1_0_0.HpeiLOBackupFile"
}