{
    "@odata.context": "/redfish/v1/$metadata#JsonSchemaFile.JsonSchemaFile",
    "@odata.etag": "W/\"8C602710\"",
    "@odata.id": "/redfish/v1/JsonSchemas/HpeiLOSecurityDashboard",
    "@odata.type": "#JsonSchemaFile.v1_0_4.JsonSchemaFile",
    "Id": "HpeiLOSecurityDashboard",
    "Description": "Schema Definition File for HpeiLOSecurityDashboard",
    "Languages": [
        "en"
    ],
    "Location": [
        {
            "Language": "en",
            "Uri": "/redfish/v1/SchemaStore/en/HpeiLOSecurityDashboard.json"
        }
    ],
    "Name": "HpeiLOSecurityDashboard Schema Definition File",
    "Schema": "#HpeiLOSecurityDashboard.v1_0_0.HpeiLOSecurityDashboard"
}