{
    "@odata.context": "/redfish/v1/$metadata#HpeServerDevice.HpeServerDevice",
    "@odata.etag": "W/\"96249847\"",
    "@odata.id": "/redfish/v1/Chassis/1/Devices/7",
    "@odata.type": "#HpeServerDevice.v2_1_0.HpeServerDevice",
    "Id": "7",
    "DeviceInstances": [
        {
            "@odata.id": "/redfish/v1/Systems/1/PCIDevices/6"
        }
    ],
    "DeviceType": "Unknown",
    "FirmwareVersion": {
        "Current": {
            "VersionString": "2.5"
        }
    },
    "Location": "Embedded Device",
    "Manufacturer": "",
    "Name": "Embedded Video Controller",
    "PartNumber": "",
    "ProductPartNumber": "",
    "ProductVersion": "",
    "SerialNumber": "",
    "Status": {
        "Health": "OK",
        "State": "Enabled"
    }
}