{
    "@odata.context": "/redfish/v1/$metadata#JsonSchemaFile.JsonSchemaFile",
    "@odata.etag": "W/\"E35B940A\"",
    "@odata.id": "/redfish/v1/JsonSchemas/HpeServerDevice",
    "@odata.type": "#JsonSchemaFile.v1_0_4.JsonSchemaFile",
    "Id": "HpeServerDevice",
    "Description": "Schema Definition File for HpeServerDevice",
    "Languages": [
        "en"
    ],
    "Location": [
        {
            "Language": "en",
            "Uri": "/redfish/v1/SchemaStore/en/HpeServerDevice.json"
        }
    ],
    "Name": "HpeServerDevice Schema Definition File",
    "Schema": "#HpeServerDevice.v2_1_0.HpeServerDevice"
}