{
    "@odata.context": "/redfish/v1/$metadata#JsonSchemaFile.JsonSchemaFile",
    "@odata.etag": "W/\"A3A115B5\"",
    "@odata.id": "/redfish/v1/JsonSchemas/BootOptionCollection",
    "@odata.type": "#JsonSchemaFile.v1_0_4.JsonSchemaFile",
    "Id": "BootOptionCollection",
    "Description": "Schema Definition File for BootOptionCollection",
    "Languages": [
        "en"
    ],
    "Location": [
        {
            "Language": "en",
            "Uri": "/redfish/v1/SchemaStore/en/BootOptionCollection.json"
        }
    ],
    "Name": "BootOptionCollection Schema Definition File",
    "Schema": "#BootOptionCollection.BootOptionCollection"
}