{
    "@odata.context": "/redfish/v1/$metadata#JsonSchemaFile.JsonSchemaFile",
    "@odata.etag": "W/\"0991093F\"",
    "@odata.id": "/redfish/v1/JsonSchemas/HpeComponentUpdateEntryCollection",
    "@odata.type": "#JsonSchemaFile.v1_0_4.JsonSchemaFile",
    "Id": "HpeComponentUpdateEntryCollection",
    "Description": "Schema Definition File for HpeComponentUpdateEntryCollection",
    "Languages": [
        "en"
    ],
    "Location": [
        {
            "Language": "en",
            "Uri": "/redfish/v1/SchemaStore/en/HpeComponentUpdateEntryCollection.json"
        }
    ],
    "Name": "HpeComponentUpdateEntryCollection Schema Definition File",
    "Schema": "#HpeComponentUpdateEntryCollection.HpeComponentUpdateEntryCollection"
}