{
    "@odata.context": "/redfish/v1/$metadata#JsonSchemaFile.JsonSchemaFile",
    "@odata.etag": "W/\"8F56D538\"",
    "@odata.id": "/redfish/v1/JsonSchemas/HpeComponentUpdateTaskQueueCollection",
    "@odata.type": "#JsonSchemaFile.v1_0_4.JsonSchemaFile",
    "Id": "HpeComponentUpdateTaskQueueCollection",
    "Description": "Schema Definition File for HpeComponentUpdateTaskQueueCollection",
    "Languages": [
        "en"
    ],
    "Location": [
        {
            "Language": "en",
            "Uri": "/redfish/v1/SchemaStore/en/HpeComponentUpdateTaskQueueCollection.json"
        }
    ],
    "Name": "HpeComponentUpdateTaskQueueCollection Schema Definition File",
    "Schema": "#HpeComponentUpdateTaskQueueCollection.HpeComponentUpdateTaskQueueCollection"
}