{
    "@odata.context": "/redfish/v1/$metadata#JsonSchemaFile.JsonSchemaFile",
    "@odata.etag": "W/\"E9DF32F1\"",
    "@odata.id": "/redfish/v1/JsonSchemas/HostInterfaceCollection",
    "@odata.type": "#JsonSchemaFile.v1_0_4.JsonSchemaFile",
    "Id": "HostInterfaceCollection",
    "Description": "Schema Definition File for HostInterfaceCollection",
    "Languages": [
        "en"
    ],
    "Location": [
        {
            "Language": "en",
            "Uri": "/redfish/v1/SchemaStore/en/HostInterfaceCollection.json"
        }
    ],
    "Name": "HostInterfaceCollection Schema Definition File",
    "Schema": "#HostInterfaceCollection.HostInterfaceCollection"
}