{
    "@odata.context": "/redfish/v1/$metadata#JsonSchemaFile.JsonSchemaFile",
    "@odata.etag": "W/\"23E54121\"",
    "@odata.id": "/redfish/v1/JsonSchemas/HpeBaseNetworkAdapter",
    "@odata.type": "#JsonSchemaFile.v1_0_4.JsonSchemaFile",
    "Id": "HpeBaseNetworkAdapter",
    "Description": "Schema Definition File for HpeBaseNetworkAdapter",
    "Languages": [
        "en"
    ],
    "Location": [
        {
            "Language": "en",
            "Uri": "/redfish/v1/SchemaStore/en/HpeBaseNetworkAdapter.json"
        }
    ],
    "Name": "HpeBaseNetworkAdapter Schema Definition File",
    "Schema": "#HpeBaseNetworkAdapter.v2_0_0.HpeBaseNetworkAdapter"
}