{
    "@odata.context": "/redfish/v1/$metadata#JsonSchemaFile.JsonSchemaFile",
    "@odata.etag": "W/\"D9F817DC\"",
    "@odata.id": "/redfish/v1/JsonSchemas/HpeInvalidImageCollection",
    "@odata.type": "#JsonSchemaFile.v1_0_4.JsonSchemaFile",
    "Id": "HpeInvalidImageCollection",
    "Description": "Schema Definition File for HpeInvalidImageCollection",
    "Languages": [
        "en"
    ],
    "Location": [
        {
            "Language": "en",
            "Uri": "/redfish/v1/SchemaStore/en/HpeInvalidImageCollection.json"
        }
    ],
    "Name": "HpeInvalidImageCollection Schema Definition File",
    "Schema": "#HpeInvalidImageCollection.HpeInvalidImageCollection"
}