{
    "@odata.context": "/redfish/v1/$metadata#JsonSchemaFile.JsonSchemaFile",
    "@odata.etag": "W/\"4FE57DAF\"",
    "@odata.id": "/redfish/v1/JsonSchemas/BootOption",
    "@odata.type": "#JsonSchemaFile.v1_0_4.JsonSchemaFile",
    "Id": "BootOption",
    "Description": "Schema Definition File for BootOption",
    "Languages": [
        "en"
    ],
    "Location": [
        {
            "Language": "en",
            "Uri": "/redfish/v1/SchemaStore/en/BootOption.json"
        }
    ],
    "Name": "BootOption Schema Definition File",
    "Schema": "#BootOption.v1_0_1.BootOption"
}