{
    "@odata.context": "/redfish/v1/$metadata#JsonSchemaFile.JsonSchemaFile",
    "@odata.etag": "W/\"FD099892\"",
    "@odata.id": "/redfish/v1/JsonSchemas/HpeiLOSnmpServiceExt",
    "@odata.type": "#JsonSchemaFile.v1_0_4.JsonSchemaFile",
    "Id": "HpeiLOSnmpServiceExt",
    "Description": "Schema Definition File for HpeiLOSnmpServiceExt",
    "Languages": [
        "en"
    ],
    "Location": [
        {
            "Language": "en",
            "Uri": "/redfish/v1/SchemaStore/en/HpeiLOSnmpServiceExt.json"
        }
    ],
    "Name": "HpeiLOSnmpServiceExt Schema Definition File",
    "Schema": "#HpeiLOSnmpServiceExt.v2_0_0.HpeiLOSnmpServiceExt"
}