{
    "@odata.context": "/redfish/v1/$metadata#JsonSchemaFile.JsonSchemaFile",
    "@odata.etag": "W/\"9CCB915F\"",
    "@odata.id": "/redfish/v1/JsonSchemas/ChassisCollection",
    "@odata.type": "#JsonSchemaFile.v1_0_4.JsonSchemaFile",
    "Id": "ChassisCollection",
    "Description": "Schema Definition File for ChassisCollection",
    "Languages": [
        "en"
    ],
    "Location": [
        {
            "Language": "en",
            "Uri": "/redfish/v1/SchemaStore/en/ChassisCollection.json"
        }
    ],
    "Name": "ChassisCollection Schema Definition File",
    "Schema": "#ChassisCollection.ChassisCollection"
}