{
    "@odata.context": "/redfish/v1/$metadata#JsonSchemaFile.JsonSchemaFile",
    "@odata.etag": "W/\"F3846347\"",
    "@odata.id": "/redfish/v1/JsonSchemas/HpeSmartStorageDiskDrive",
    "@odata.type": "#JsonSchemaFile.v1_0_4.JsonSchemaFile",
    "Id": "HpeSmartStorageDiskDrive",
    "Description": "Schema Definition File for HpeSmartStorageDiskDrive",
    "Languages": [
        "en"
    ],
    "Location": [
        {
            "Language": "en",
            "Uri": "/redfish/v1/SchemaStore/en/HpeSmartStorageDiskDrive.json"
        }
    ],
    "Name": "HpeSmartStorageDiskDrive Schema Definition File",
    "Schema": "#HpeSmartStorageDiskDrive.v2_1_0.HpeSmartStorageDiskDrive"
}