{
    "@odata.context": "/redfish/v1/$metadata#PCIeDevice.PCIeDevice",
    "@odata.etag": "W/\"4DA55F10\"",
    "@odata.id": "/redfish/v1/Chassis/1/PCIeDevices/180",
    "@odata.type": "#PCIeDevice.v1_5_0.PCIeDevice",
    "Id": "180",
    "FirmwareVersion": "8.50.22",
    "Manufacturer": "HPE",
    "Model": "867328-B21",
    "Name": "HPE Eth 10/25Gb 2p 621SFP28 Adptr",
    "PCIeFunctions": {
        "@odata.id": "/redfish/v1/Chassis/1/PCIeDevices/180/PCIeFunctions"
    },
    "PartNumber": "867328-B21",
    "SKU": "869570-001",
    "SerialNumber": "MY57440BWB",
    "Status": {
        "Health": "Warning",
        "State": "Enabled"
    }
}