{
    "@odata.context": "/redfish/v1/$metadata#HpeServerDevice.HpeServerDevice",
    "@odata.etag": "W/\"114A691B\"",
    "@odata.id": "/redfish/v1/Chassis/1/Devices/3",
    "@odata.type": "#HpeServerDevice.v2_1_0.HpeServerDevice",
    "Id": "3",
    "DeviceInstances": [
        {
            "@odata.id": "/redfish/v1/Systems/1/PCIDevices/1"
        },
        {
            "@odata.id": "/redfish/v1/Systems/1/PCIDevices/2"
        },
        {
            "@odata.id": "/redfish/v1/Systems/1/PCIDevices/3"
        },
        {
            "@odata.id": "/redfish/v1/Systems/1/PCIDevices/4"
        }
    ],
    "DeviceType": "LOM/NIC",
    "FirmwareVersion": {
        "Current": {
            "VersionString": "20.14.62"
        }
    },
    "Location": "Embedded LOM",
    "Manufacturer": "",
    "Name": "HPE Ethernet 1Gb 4-port 331i Adapter - NIC",
    "PartNumber": "",
    "ProductPartNumber": "",
    "ProductVersion": "",
    "SerialNumber": "",
    "Status": {
        "Health": "OK",
        "State": "Enabled"
    }
}