{
    "@odata.context": "/redfish/v1/$metadata#PortCollection.PortCollection",
    "@odata.etag": "W/\"570254F2\"",
    "@odata.id": "/redfish/v1/Chassis/1/NetworkAdapters/DC080000/Ports",
    "@odata.type": "#PortCollection.PortCollection",
    "Description": "Network Adapter Port Configuration and Status",
    "Name": "Network Adapter Port Collection",
    "Members": [
        {
            "@odata.id": "/redfish/v1/Chassis/1/NetworkAdapters/DC080000/Ports/1"
        },
        {
            "@odata.id": "/redfish/v1/Chassis/1/NetworkAdapters/DC080000/Ports/2"
        }
    ],
    "Members@odata.count": 2
}