{
    "@odata.context": "/redfish/v1/$metadata#JsonSchemaFile.JsonSchemaFile",
    "@odata.etag": "W/\"D96BAF5E\"",
    "@odata.id": "/redfish/v1/JsonSchemas/HpeNetworkInterfaceStatus",
    "@odata.type": "#JsonSchemaFile.v1_0_4.JsonSchemaFile",
    "Id": "HpeNetworkInterfaceStatus",
    "Description": "Schema Definition File for HpeNetworkInterfaceStatus",
    "Languages": [
        "en"
    ],
    "Location": [
        {
            "Language": "en",
            "Uri": "/redfish/v1/SchemaStore/en/HpeNetworkInterfaceStatus.json"
        }
    ],
    "Name": "HpeNetworkInterfaceStatus Schema Definition File",
    "Schema": "#HpeNetworkInterfaceStatus.v1_0_0.HpeNetworkInterfaceStatus"
}