{
    "@odata.context": "/redfish/v1/$metadata#JsonSchemaFile.JsonSchemaFile",
    "@odata.etag": "W/\"76B6C547\"",
    "@odata.id": "/redfish/v1/JsonSchemas/HpeSmartStorageLogicalDrive",
    "@odata.type": "#JsonSchemaFile.v1_0_4.JsonSchemaFile",
    "Id": "HpeSmartStorageLogicalDrive",
    "Description": "Schema Definition File for HpeSmartStorageLogicalDrive",
    "Languages": [
        "en"
    ],
    "Location": [
        {
            "Language": "en",
            "Uri": "/redfish/v1/SchemaStore/en/HpeSmartStorageLogicalDrive.json"
        }
    ],
    "Name": "HpeSmartStorageLogicalDrive Schema Definition File",
    "Schema": "#HpeSmartStorageLogicalDrive.v2_3_0.HpeSmartStorageLogicalDrive"
}