{
    "@odata.context": "/redfish/v1/$metadata#JsonSchemaFile.JsonSchemaFile",
    "@odata.etag": "W/\"2CF522C9\"",
    "@odata.id": "/redfish/v1/JsonSchemas/HpeServerPowerSupply",
    "@odata.type": "#JsonSchemaFile.v1_0_4.JsonSchemaFile",
    "Id": "HpeServerPowerSupply",
    "Description": "Schema Definition File for HpeServerPowerSupply",
    "Languages": [
        "en"
    ],
    "Location": [
        {
            "Language": "en",
            "Uri": "/redfish/v1/SchemaStore/en/HpeServerPowerSupply.json"
        }
    ],
    "Name": "HpeServerPowerSupply Schema Definition File",
    "Schema": "#HpeServerPowerSupply.v2_0_0.HpeServerPowerSupply"
}