{
    "@odata.context": "/redfish/v1/$metadata#PCIeFunction.PCIeFunction",
    "@odata.etag": "W/\"A3A6BF43\"",
    "@odata.id": "/redfish/v1/Chassis/1/PCIeDevices/179/PCIeFunctions/1",
    "@odata.type": "#PCIeFunction.v1_2_3.PCIeFunction",
    "Id": "1",
    "ClassCode": "3",
    "DeviceClass": "DisplayController",
    "DeviceId": "1336",
    "FunctionId": 1,
    "FunctionType": "Physical",
    "Name": "Function 1",
    "RevisionId": "2.5",
    "SubsystemId": "228",
    "SubsystemVendorId": "5520",
    "VendorId": "4139"
}