{
    "@odata.context": "/redfish/v1/$metadata#HpeServerDevice.HpeServerDevice",
    "@odata.etag": "W/\"8F9B6BD9\"",
    "@odata.id": "/redfish/v1/Chassis/1/Devices/6",
    "@odata.type": "#HpeServerDevice.v2_1_0.HpeServerDevice",
    "Id": "6",
    "DeviceType": "Smart Storage Battery",
    "FirmwareVersion": {
        "Current": {
            "VersionString": "0.60"
        }
    },
    "Location": "Embedded Device",
    "Manufacturer": "STL",
    "Name": "HPE Smart Storage Battery",
    "PartNumber": "878643-001",
    "ProductPartNumber": "875241-B21",
    "ProductVersion": "01",
    "SerialNumber": "6WQXL0BB2BI7KR",
    "Status": {
        "Health": "OK",
        "State": "Enabled"
    }
}