{
    "@odata.context": "/redfish/v1/$metadata#JsonSchemaFile.JsonSchemaFile",
    "@odata.etag": "W/\"CA30605E\"",
    "@odata.id": "/redfish/v1/JsonSchemas/HpeServerPciDevice",
    "@odata.type": "#JsonSchemaFile.v1_0_4.JsonSchemaFile",
    "Id": "HpeServerPciDevice",
    "Description": "Schema Definition File for HpeServerPciDevice",
    "Languages": [
        "en"
    ],
    "Location": [
        {
            "Language": "en",
            "Uri": "/redfish/v1/SchemaStore/en/HpeServerPciDevice.json"
        }
    ],
    "Name": "HpeServerPciDevice Schema Definition File",
    "Schema": "#HpeServerPciDevice.v2_0_0.HpeServerPciDevice"
}