{
    "@odata.context": "/redfish/v1/$metadata#JsonSchemaFile.JsonSchemaFile",
    "@odata.etag": "W/\"7BFE35A1\"",
    "@odata.id": "/redfish/v1/JsonSchemas/HpeBiosExt.v2_0_0.HpeBiosExt",
    "@odata.type": "#JsonSchemaFile.v1_0_4.JsonSchemaFile",
    "Id": "HpeBiosExt.v2_0_0.HpeBiosExt",
    "Description": "Schema Definition File for #HpeBiosExt.v2_0_0.HpeBiosExt",
    "Languages": [
        "en"
    ],
    "Location": [
        {
            "Language": "en",
            "Uri": "/redfish/v1/schemastore/en/hpebiosext.v2_0_0.json"
        }
    ],
    "Name": "#HpeBiosExt.v2_0_0.HpeBiosExt Schema Definition File",
    "Schema": "#HpeBiosExt.v2_0_0.HpeBiosExt"
}