{
    "@odata.context": "/redfish/v1/$metadata#JsonSchemaFile.JsonSchemaFile",
    "@odata.etag": "W/\"ADAB1E6D\"",
    "@odata.id": "/redfish/v1/JsonSchemas/HpeMaintenanceWindowCollection",
    "@odata.type": "#JsonSchemaFile.v1_0_4.JsonSchemaFile",
    "Id": "HpeMaintenanceWindowCollection",
    "Description": "Schema Definition File for HpeMaintenanceWindowCollection",
    "Languages": [
        "en"
    ],
    "Location": [
        {
            "Language": "en",
            "Uri": "/redfish/v1/SchemaStore/en/HpeMaintenanceWindowCollection.json"
        }
    ],
    "Name": "HpeMaintenanceWindowCollection Schema Definition File",
    "Schema": "#HpeMaintenanceWindowCollection.HpeMaintenanceWindowCollection"
}