{
    "@odata.context": "/redfish/v1/$metadata#JsonSchemaFile.JsonSchemaFile",
    "@odata.etag": "W/\"AF4E86B8\"",
    "@odata.id": "/redfish/v1/JsonSchemas/HpeServerAccPowerZone",
    "@odata.type": "#JsonSchemaFile.v1_0_4.JsonSchemaFile",
    "Id": "HpeServerAccPowerZone",
    "Description": "Schema Definition File for HpeServerAccPowerZone",
    "Languages": [
        "en"
    ],
    "Location": [
        {
            "Language": "en",
            "Uri": "/redfish/v1/SchemaStore/en/HpeServerAccPowerZone.json"
        }
    ],
    "Name": "HpeServerAccPowerZone Schema Definition File",
    "Schema": "#HpeServerAccPowerZone.v1_0_0.HpeServerAccPowerZone"
}