{
    "@odata.context": "/redfish/v1/$metadata#JsonSchemaFile.JsonSchemaFile",
    "@odata.etag": "W/\"FE8291D6\"",
    "@odata.id": "/redfish/v1/JsonSchemas/HpeiLOActiveHealthSystem",
    "@odata.type": "#JsonSchemaFile.v1_0_4.JsonSchemaFile",
    "Id": "HpeiLOActiveHealthSystem",
    "Description": "Schema Definition File for HpeiLOActiveHealthSystem",
    "Languages": [
        "en"
    ],
    "Location": [
        {
            "Language": "en",
            "Uri": "/redfish/v1/SchemaStore/en/HpeiLOActiveHealthSystem.json"
        }
    ],
    "Name": "HpeiLOActiveHealthSystem Schema Definition File",
    "Schema": "#HpeiLOActiveHealthSystem.v2_5_0.HpeiLOActiveHealthSystem"
}