{
    "@odata.context": "/redfish/v1/$metadata#JsonSchemaFile.JsonSchemaFile",
    "@odata.etag": "W/\"C6365B26\"",
    "@odata.id": "/redfish/v1/JsonSchemas/HpeEventDestination",
    "@odata.type": "#JsonSchemaFile.v1_0_4.JsonSchemaFile",
    "Id": "HpeEventDestination",
    "Description": "Schema Definition File for HpeEventDestination",
    "Languages": [
        "en"
    ],
    "Location": [
        {
            "Language": "en",
            "Uri": "/redfish/v1/SchemaStore/en/HpeEventDestination.json"
        }
    ],
    "Name": "HpeEventDestination Schema Definition File",
    "Schema": "#HpeEventDestination.v2_1_0.HpeEventDestination"
}