{
    "@odata.context": "/redfish/v1/$metadata#JsonSchemaFile.JsonSchemaFile",
    "@odata.etag": "W/\"6B109841\"",
    "@odata.id": "/redfish/v1/JsonSchemas/HpeDirectoryTest",
    "@odata.type": "#JsonSchemaFile.v1_0_4.JsonSchemaFile",
    "Id": "HpeDirectoryTest",
    "Description": "Schema Definition File for HpeDirectoryTest",
    "Languages": [
        "en"
    ],
    "Location": [
        {
            "Language": "en",
            "Uri": "/redfish/v1/SchemaStore/en/HpeDirectoryTest.json"
        }
    ],
    "Name": "HpeDirectoryTest Schema Definition File",
    "Schema": "#HpeDirectoryTest.v1_0_0.HpeDirectoryTest"
}