{
    "@odata.context": "/redfish/v1/$metadata#JsonSchemaFile.JsonSchemaFile",
    "@odata.etag": "W/\"34673696\"",
    "@odata.id": "/redfish/v1/JsonSchemas/CertificateService",
    "@odata.type": "#JsonSchemaFile.v1_0_4.JsonSchemaFile",
    "Id": "CertificateService",
    "Description": "Schema Definition File for CertificateService",
    "Languages": [
        "en"
    ],
    "Location": [
        {
            "Language": "en",
            "Uri": "/redfish/v1/SchemaStore/en/CertificateService.json"
        }
    ],
    "Name": "CertificateService Schema Definition File",
    "Schema": "#CertificateService.v1_0_3.CertificateService"
}