{
    "@odata.context": "/redfish/v1/$metadata#JsonSchemaFile.JsonSchemaFile",
    "@odata.etag": "W/\"217C83F3\"",
    "@odata.id": "/redfish/v1/JsonSchemas/AttributeRegistry.v1_0_0.AttributeRegistry",
    "@odata.type": "#JsonSchemaFile.v1_0_4.JsonSchemaFile",
    "Id": "AttributeRegistry.v1_0_0.AttributeRegistry",
    "Description": "Schema Definition File for #AttributeRegistry.v1_0_0.AttributeRegistry",
    "Languages": [
        "en"
    ],
    "Location": [
        {
            "Language": "en",
            "Uri": "/redfish/v1/schemastore/en/attributeregistry.v1_0_0.json"
        }
    ],
    "Name": "#AttributeRegistry.v1_0_0.AttributeRegistry Schema Definition File",
    "Schema": "#AttributeRegistry.v1_0_0.AttributeRegistry"
}