{
    "@odata.context": "/redfish/v1/$metadata#HpeiLOAccountCertificateMapCollection.HpeiLOAccountCertificateMapCollection",
    "@odata.etag": "W/\"570254F2\"",
    "@odata.id": "/redfish/v1/AccountService/UserCertificateMapping",
    "@odata.type": "#HpeiLOAccountCertificateMapCollection.HpeiLOAccountCertificateMapCollection",
    "Description": "iLO User Certificate Mapping",
    "Name": "UserCertMapping",
    "Members": [
        {
            "@odata.id": "/redfish/v1/AccountService/UserCertificateMapping/1"
        },
        {
            "@odata.id": "/redfish/v1/AccountService/UserCertificateMapping/3"
        }
    ],
    "Members@odata.count": 2
}