{
    "@odata.context": "/redfish/v1/$metadata#Role.Role",
    "@odata.etag": "W/\"B60B0A30\"",
    "@odata.id": "/redfish/v1/AccountService/Roles/Operator",
    "@odata.type": "#Role.v1_2_1.Role",
    "Id": "Operator",
    "AssignedPrivileges": [
        "Login",
        "ConfigureSelf",
        "ConfigureComponents"
    ],
    "Description": "iLO User Role",
    "IsPredefined": true,
    "Name": "User Role",
    "OemPrivileges": [
        "RemoteConsolePriv",
        "VirtualMediaPriv",
        "VirtualPowerAndResetPriv",
        "HostBIOSConfigPriv",
        "HostNICConfigPriv",
        "HostStorageConfigPriv"
    ],
    "RoleId": "Operator"
}