{
    "@odata.context": "/redfish/v1/$metadata#ManagerAccount.ManagerAccount",
    "@odata.etag": "W/\"226E6C7B\"",
    "@odata.id": "/redfish/v1/AccountService/Accounts/1",
    "@odata.type": "#ManagerAccount.v1_3_0.ManagerAccount",
    "Id": "1",
    "Description": "iLO User Account",
    "Links": {
        "Role": {
            "@odata.id": "/redfish/v1/AccountService/Roles/Administrator"
        }
    },
    "Name": "User Account",
    "Oem": {
        "Hpe": {
            "@odata.context": "/redfish/v1/$metadata#HpeiLOAccount.HpeiLOAccount",
            "@odata.type": "#HpeiLOAccount.v2_2_0.HpeiLOAccount",
            "LoginName": "Administrator",
            "Privileges": {
                "HostBIOSConfigPriv": true,
                "HostNICConfigPriv": true,
                "HostStorageConfigPriv": true,
                "LoginPriv": true,
                "RemoteConsolePriv": true,
                "SystemRecoveryConfigPriv": true,
                "UserConfigPriv": true,
                "VirtualMediaPriv": true,
                "VirtualPowerAndResetPriv": true,
                "iLOConfigPriv": true
            },
            "ServiceAccount": false
        }
    },
    "Password": null,
    "PasswordChangeRequired": false,
    "RoleId": "Administrator",
    "UserName": "Administrator"
}