{
    "@odata.context": "/redfish/v1/$metadata#PCIeFunctionCollection.PCIeFunctionCollection",
    "@odata.etag": "W/\"AA6D42B0\"",
    "@odata.id": "/redfish/v1/Chassis/1/PCIeDevices/178/PCIeFunctions",
    "@odata.type": "#PCIeFunctionCollection.PCIeFunctionCollection",
    "Description": " PCIeFunctions view",
    "Name": "PCIeFunctions",
    "Members": [
        {
            "@odata.id": "/redfish/v1/Chassis/1/PCIeDevices/178/PCIeFunctions/1"
        }
    ],
    "Members@odata.count": 1
}