{
    "@odata.context": "/redfish/v1/$metadata#JsonSchemaFile.JsonSchemaFile",
    "@odata.etag": "W/\"F5A0886D\"",
    "@odata.id": "/redfish/v1/JsonSchemas/HpeSNMPUser",
    "@odata.type": "#JsonSchemaFile.v1_0_4.JsonSchemaFile",
    "Id": "HpeSNMPUser",
    "Description": "Schema Definition File for HpeSNMPUser",
    "Languages": [
        "en"
    ],
    "Location": [
        {
            "Language": "en",
            "Uri": "/redfish/v1/SchemaStore/en/HpeSNMPUser.json"
        }
    ],
    "Name": "HpeSNMPUser Schema Definition File",
    "Schema": "#HpeSNMPUser.v2_1_0.HpeSNMPUser"
}