{
    "@odata.context": "/redfish/v1/$metadata#JsonSchemaFile.JsonSchemaFile",
    "@odata.etag": "W/\"13D04070\"",
    "@odata.id": "/redfish/v1/JsonSchemas/HpeCertificateCollection",
    "@odata.type": "#JsonSchemaFile.v1_0_4.JsonSchemaFile",
    "Id": "HpeCertificateCollection",
    "Description": "Schema Definition File for HpeCertificateCollection",
    "Languages": [
        "en"
    ],
    "Location": [
        {
            "Language": "en",
            "Uri": "/redfish/v1/SchemaStore/en/HpeCertificateCollection.json"
        }
    ],
    "Name": "HpeCertificateCollection Schema Definition File",
    "Schema": "#HpeCertificateCollection.HpeCertificateCollection"
}