{
    "@odata.context": "/redfish/v1/$metadata#JsonSchemaFile.JsonSchemaFile",
    "@odata.etag": "W/\"05966B13\"",
    "@odata.id": "/redfish/v1/JsonSchemas/HpeiLOBackupRestoreService",
    "@odata.type": "#JsonSchemaFile.v1_0_4.JsonSchemaFile",
    "Id": "HpeiLOBackupRestoreService",
    "Description": "Schema Definition File for HpeiLOBackupRestoreService",
    "Languages": [
        "en"
    ],
    "Location": [
        {
            "Language": "en",
            "Uri": "/redfish/v1/SchemaStore/en/HpeiLOBackupRestoreService.json"
        }
    ],
    "Name": "HpeiLOBackupRestoreService Schema Definition File",
    "Schema": "#HpeiLOBackupRestoreService.v2_2_0.HpeiLOBackupRestoreService"
}