{
    "@odata.context": "/redfish/v1/$metadata#JsonSchemaFile.JsonSchemaFile",
    "@odata.etag": "W/\"03648ADD\"",
    "@odata.id": "/redfish/v1/JsonSchemas/HpeNetworkAdapterStatus",
    "@odata.type": "#JsonSchemaFile.v1_0_4.JsonSchemaFile",
    "Id": "HpeNetworkAdapterStatus",
    "Description": "Schema Definition File for HpeNetworkAdapterStatus",
    "Languages": [
        "en"
    ],
    "Location": [
        {
            "Language": "en",
            "Uri": "/redfish/v1/SchemaStore/en/HpeNetworkAdapterStatus.json"
        }
    ],
    "Name": "HpeNetworkAdapterStatus Schema Definition File",
    "Schema": "#HpeNetworkAdapterStatus.v1_0_0.HpeNetworkAdapterStatus"
}