{
    "@odata.context": "/redfish/v1/$metadata#JsonSchemaFile.JsonSchemaFile",
    "@odata.etag": "W/\"CF98A049\"",
    "@odata.id": "/redfish/v1/JsonSchemas/HpeServerAccPowerNodesInfo",
    "@odata.type": "#JsonSchemaFile.v1_0_4.JsonSchemaFile",
    "Id": "HpeServerAccPowerNodesInfo",
    "Description": "Schema Definition File for HpeServerAccPowerNodesInfo",
    "Languages": [
        "en"
    ],
    "Location": [
        {
            "Language": "en",
            "Uri": "/redfish/v1/SchemaStore/en/HpeServerAccPowerNodesInfo.json"
        }
    ],
    "Name": "HpeServerAccPowerNodesInfo Schema Definition File",
    "Schema": "#HpeServerAccPowerNodesInfo.v1_0_0.HpeServerAccPowerNodesInfo"
}