{
    "@odata.context": "/redfish/v1/$metadata#Power.Power",
    "@odata.etag": "W/\"127F616D\"",
    "@odata.id": "/redfish/v1/Chassis/1/Power",
    "@odata.type": "#Power.v1_3_0.Power",
    "Id": "Power",
    "Name": "PowerMetrics",
    "Oem": {
        "Hpe": {
            "@odata.context": "/redfish/v1/$metadata#HpePowerMetricsExt.HpePowerMetricsExt",
            "@odata.type": "#HpePowerMetricsExt.v2_3_0.HpePowerMetricsExt",
            "BrownoutRecoveryEnabled": true,
            "HasCpuPowerMetering": true,
            "HasDimmPowerMetering": true,
            "HasGpuPowerMetering": false,
            "HasPowerMetering": true,
            "HighEfficiencyMode": "Balanced",
            "Links": {
                "PowerMeter": {
                    "@odata.id": "/redfish/v1/Chassis/1/Power/PowerMeter"
                },
                "FastPowerMeter": {
                    "@odata.id": "/redfish/v1/Chassis/1/Power/FastPowerMeter"
                },
                "SlowPowerMeter": {
                    "@odata.id": "/redfish/v1/Chassis/1/Power/SlowPowerMeter"
                },
                "FederatedGroupCapping": {
                    "@odata.id": "/redfish/v1/Chassis/1/Power/FederatedGroupCapping"
                }
            },
            "MinimumSafelyAchievableCap": null,
            "MinimumSafelyAchievableCapValid": false,
            "SNMPPowerThresholdAlert": {
                "DurationInMin": 0,
                "ThresholdWatts": 0,
                "Trigger": "Disabled"
            }
        }
    },
    "PowerControl": [
        {
            "@odata.id": "/redfish/v1/Chassis/1/Power#PowerControl/0",
            "MemberId": "0",
            "PowerCapacityWatts": 800,
            "PowerConsumedWatts": 103,
            "PowerMetrics": {
                "AverageConsumedWatts": 103,
                "IntervalInMin": 20,
                "MaxConsumedWatts": 105,
                "MinConsumedWatts": 103
            }
        }
    ],
    "PowerSupplies": [
        {
            "@odata.id": "/redfish/v1/Chassis/1/Power#PowerSupplies/0",
            "FirmwareVersion": "1.00",
            "LastPowerOutputWatts": 103,
            "LineInputVoltage": 230,
            "LineInputVoltageType": "ACHighLine",
            "Manufacturer": "LTEON",
            "MemberId": "0",
            "Model": "865414-B21",
            "Name": "HpeServerPowerSupply",
            "Oem": {
                "Hpe": {
                    "@odata.context": "/redfish/v1/$metadata#HpeServerPowerSupply.HpeServerPowerSupply",
                    "@odata.type": "#HpeServerPowerSupply.v2_0_0.HpeServerPowerSupply",
                    "AveragePowerOutputWatts": 103,
                    "BayNumber": 1,
                    "HotplugCapable": true,
                    "MaxPowerOutputWatts": 104,
                    "Mismatched": false,
                    "PowerSupplyStatus": {
                        "State": "Ok"
                    },
                    "iPDUCapable": false
                }
            },
            "PowerCapacityWatts": 800,
            "PowerSupplyType": "AC",
            "SerialNumber": "5WBXU0DLLBG63D",
            "SparePartNumber": "866730-001",
            "Status": {
                "Health": "OK",
                "State": "Enabled"
            }
        },
        {
            "@odata.id": "/redfish/v1/Chassis/1/Power#PowerSupplies/1",
            "MemberId": "1",
            "Oem": {
                "Hpe": {
                    "@odata.context": "/redfish/v1/$metadata#HpeServerPowerSupply.HpeServerPowerSupply",
                    "@odata.type": "#HpeServerPowerSupply.v2_0_0.HpeServerPowerSupply",
                    "BayNumber": 2
                }
            },
            "Status": {
                "Health": "Warning",
                "State": "Absent"
            }
        }
    ]
}