{
    "@odata.context": "/redfish/v1/$metadata#JsonSchemaFile.JsonSchemaFile",
    "@odata.etag": "W/\"32B56629\"",
    "@odata.id": "/redfish/v1/JsonSchemas/HpeSeaOfSensors",
    "@odata.type": "#JsonSchemaFile.v1_0_4.JsonSchemaFile",
    "Id": "HpeSeaOfSensors",
    "Description": "Schema Definition File for HpeSeaOfSensors",
    "Languages": [
        "en"
    ],
    "Location": [
        {
            "Language": "en",
            "Uri": "/redfish/v1/SchemaStore/en/HpeSeaOfSensors.json"
        }
    ],
    "Name": "HpeSeaOfSensors Schema Definition File",
    "Schema": "#HpeSeaOfSensors.v2_0_0.HpeSeaOfSensors"
}