{
    "@odata.context": "/redfish/v1/$metadata#JsonSchemaFile.JsonSchemaFile",
    "@odata.etag": "W/\"509A0F86\"",
    "@odata.id": "/redfish/v1/JsonSchemas/Drive",
    "@odata.type": "#JsonSchemaFile.v1_0_4.JsonSchemaFile",
    "Id": "Drive",
    "Description": "Schema Definition File for Drive",
    "Languages": [
        "en"
    ],
    "Location": [
        {
            "Language": "en",
            "Uri": "/redfish/v1/SchemaStore/en/Drive.json"
        }
    ],
    "Name": "Drive Schema Definition File",
    "Schema": "#Drive.v1_7_0.Drive"
}