{
    "@odata.context": "/redfish/v1/$metadata#JsonSchemaFile.JsonSchemaFile",
    "@odata.etag": "W/\"35429A49\"",
    "@odata.id": "/redfish/v1/JsonSchemas/CertificateLocations",
    "@odata.type": "#JsonSchemaFile.v1_0_4.JsonSchemaFile",
    "Id": "CertificateLocations",
    "Description": "Schema Definition File for CertificateLocations",
    "Languages": [
        "en"
    ],
    "Location": [
        {
            "Language": "en",
            "Uri": "/redfish/v1/SchemaStore/en/CertificateLocations.json"
        }
    ],
    "Name": "CertificateLocations Schema Definition File",
    "Schema": "#CertificateLocations.v1_0_2.CertificateLocations"
}