{
    "@odata.context": "/redfish/v1/$metadata#JsonSchemaFile.JsonSchemaFile",
    "@odata.etag": "W/\"363A0A01\"",
    "@odata.id": "/redfish/v1/JsonSchemas/HpeSNMPAlertDestinationCollection",
    "@odata.type": "#JsonSchemaFile.v1_0_4.JsonSchemaFile",
    "Id": "HpeSNMPAlertDestinationCollection",
    "Description": "Schema Definition File for HpeSNMPAlertDestinationCollection",
    "Languages": [
        "en"
    ],
    "Location": [
        {
            "Language": "en",
            "Uri": "/redfish/v1/SchemaStore/en/HpeSNMPAlertDestinationCollection.json"
        }
    ],
    "Name": "HpeSNMPAlertDestinationCollection Schema Definition File",
    "Schema": "#HpeSNMPAlertDestinationCollection.HpeSNMPAlertDestinationCollection"
}