{
    "@odata.context": "/redfish/v1/$metadata#JsonSchemaFile.JsonSchemaFile",
    "@odata.etag": "W/\"DFFC0482\"",
    "@odata.id": "/redfish/v1/JsonSchemas/HpeSecureEraseReport",
    "@odata.type": "#JsonSchemaFile.v1_0_4.JsonSchemaFile",
    "Id": "HpeSecureEraseReport",
    "Description": "Schema Definition File for HpeSecureEraseReport",
    "Languages": [
        "en"
    ],
    "Location": [
        {
            "Language": "en",
            "Uri": "/redfish/v1/SchemaStore/en/HpeSecureEraseReport.json"
        }
    ],
    "Name": "HpeSecureEraseReport Schema Definition File",
    "Schema": "#HpeSecureEraseReport.v1_0_0.HpeSecureEraseReport"
}