{
    "@odata.context": "/redfish/v1/$metadata#JsonSchemaFile.JsonSchemaFile",
    "@odata.etag": "W/\"C6B96E27\"",
    "@odata.id": "/redfish/v1/JsonSchemas/HpeComponentUpdateTask",
    "@odata.type": "#JsonSchemaFile.v1_0_4.JsonSchemaFile",
    "Id": "HpeComponentUpdateTask",
    "Description": "Schema Definition File for HpeComponentUpdateTask",
    "Languages": [
        "en"
    ],
    "Location": [
        {
            "Language": "en",
            "Uri": "/redfish/v1/SchemaStore/en/HpeComponentUpdateTask.json"
        }
    ],
    "Name": "HpeComponentUpdateTask Schema Definition File",
    "Schema": "#HpeComponentUpdateTask.v1_2_0.HpeComponentUpdateTask"
}