{
    "@odata.context": "/redfish/v1/$metadata#JsonSchemaFile.JsonSchemaFile",
    "@odata.etag": "W/\"809FA983\"",
    "@odata.id": "/redfish/v1/JsonSchemas/HpeHttpsCert",
    "@odata.type": "#JsonSchemaFile.v1_0_4.JsonSchemaFile",
    "Id": "HpeHttpsCert",
    "Description": "Schema Definition File for HpeHttpsCert",
    "Languages": [
        "en"
    ],
    "Location": [
        {
            "Language": "en",
            "Uri": "/redfish/v1/SchemaStore/en/HpeHttpsCert.json"
        }
    ],
    "Name": "HpeHttpsCert Schema Definition File",
    "Schema": "#HpeHttpsCert.v2_0_0.HpeHttpsCert"
}