{
    "@odata.context": "/redfish/v1/$metadata#JsonSchemaFile.JsonSchemaFile",
    "@odata.etag": "W/\"C8BB0EAD\"",
    "@odata.id": "/redfish/v1/JsonSchemas/HpeServerPCISlotCollection",
    "@odata.type": "#JsonSchemaFile.v1_0_4.JsonSchemaFile",
    "Id": "HpeServerPCISlotCollection",
    "Description": "Schema Definition File for HpeServerPCISlotCollection",
    "Languages": [
        "en"
    ],
    "Location": [
        {
            "Language": "en",
            "Uri": "/redfish/v1/SchemaStore/en/HpeServerPCISlotCollection.json"
        }
    ],
    "Name": "HpeServerPCISlotCollection Schema Definition File",
    "Schema": "#HpeServerPCISlotCollection.HpeServerPCISlotCollection"
}