{
    "@odata.context": "/redfish/v1/$metadata#JsonSchemaFile.JsonSchemaFile",
    "@odata.etag": "W/\"D4C93149\"",
    "@odata.id": "/redfish/v1/JsonSchemas/Event",
    "@odata.type": "#JsonSchemaFile.v1_0_4.JsonSchemaFile",
    "Id": "Event",
    "Description": "Schema Definition File for Event",
    "Languages": [
        "en"
    ],
    "Location": [
        {
            "Language": "en",
            "Uri": "/redfish/v1/SchemaStore/en/Event.json"
        }
    ],
    "Name": "Event Schema Definition File",
    "Schema": "#Event.v1_2_9.Event"
}