{
    "@odata.context": "/redfish/v1/$metadata#JsonSchemaFile.JsonSchemaFile",
    "@odata.etag": "W/\"34CA76B4\"",
    "@odata.id": "/redfish/v1/JsonSchemas/HpeiLOResourceDirectory",
    "@odata.type": "#JsonSchemaFile.v1_0_4.JsonSchemaFile",
    "Id": "HpeiLOResourceDirectory",
    "Description": "Schema Definition File for HpeiLOResourceDirectory",
    "Languages": [
        "en"
    ],
    "Location": [
        {
            "Language": "en",
            "Uri": "/redfish/v1/SchemaStore/en/HpeiLOResourceDirectory.json"
        }
    ],
    "Name": "HpeiLOResourceDirectory Schema Definition File",
    "Schema": "#HpeiLOResourceDirectory.v2_0_0.HpeiLOResourceDirectory"
}