{
    "@odata.context": "/redfish/v1/$metadata#JsonSchemaFile.JsonSchemaFile",
    "@odata.etag": "W/\"714CFBBD\"",
    "@odata.id": "/redfish/v1/JsonSchemas/HpeComponent",
    "@odata.type": "#JsonSchemaFile.v1_0_4.JsonSchemaFile",
    "Id": "HpeComponent",
    "Description": "Schema Definition File for HpeComponent",
    "Languages": [
        "en"
    ],
    "Location": [
        {
            "Language": "en",
            "Uri": "/redfish/v1/SchemaStore/en/HpeComponent.json"
        }
    ],
    "Name": "HpeComponent Schema Definition File",
    "Schema": "#HpeComponent.v1_0_1.HpeComponent"
}