{
    "@odata.context": "/redfish/v1/$metadata#JsonSchemaFile.JsonSchemaFile",
    "@odata.etag": "W/\"BE5AAF6D\"",
    "@odata.id": "/redfish/v1/JsonSchemas/HpeiLOSession",
    "@odata.type": "#JsonSchemaFile.v1_0_4.JsonSchemaFile",
    "Id": "HpeiLOSession",
    "Description": "Schema Definition File for HpeiLOSession",
    "Languages": [
        "en"
    ],
    "Location": [
        {
            "Language": "en",
            "Uri": "/redfish/v1/SchemaStore/en/HpeiLOSession.json"
        }
    ],
    "Name": "HpeiLOSession Schema Definition File",
    "Schema": "#HpeiLOSession.v2_1_0.HpeiLOSession"
}