{
    "@odata.context": "/redfish/v1/$metadata#JsonSchemaFile.JsonSchemaFile",
    "@odata.etag": "W/\"0887F9CF\"",
    "@odata.id": "/redfish/v1/JsonSchemas/HpePCIeDevice",
    "@odata.type": "#JsonSchemaFile.v1_0_4.JsonSchemaFile",
    "Id": "HpePCIeDevice",
    "Description": "Schema Definition File for HpePCIeDevice",
    "Languages": [
        "en"
    ],
    "Location": [
        {
            "Language": "en",
            "Uri": "/redfish/v1/SchemaStore/en/HpePCIeDevice.json"
        }
    ],
    "Name": "HpePCIeDevice Schema Definition File",
    "Schema": "#HpePCIeDevice.v1_0_0.HpePCIeDevice"
}