{
    "@odata.context": "/redfish/v1/$metadata#PCIeSlots.PCIeSlots",
    "@odata.etag": "W/\"5BD4E3EB\"",
    "@odata.id": "/redfish/v1/Chassis/1/PCIeSlots",
    "@odata.type": "#PCIeSlots.v1_3_0.PCIeSlots",
    "Id": "PCIeSlots",
    "Name": "PCIeSlots",
    "Slots": [
        {
            "HotPluggable": false,
            "Lanes": 16,
            "Location": {
                "PartLocation": {
                    "LocationOrdinalValue": 1,
                    "LocationType": "Slot",
                    "ServiceLabel": "PCI-E Slot 1"
                }
            },
            "PCIeType": "Gen3",
            "SlotType": "FullLength",
            "Status": {
                "Health": "OK",
                "State": "Enabled"
            }
        },
        {
            "HotPluggable": false,
            "Lanes": 8,
            "Location": {
                "PartLocation": {
                    "LocationOrdinalValue": 2,
                    "LocationType": "Slot",
                    "ServiceLabel": "PCI-E Slot 2"
                }
            },
            "PCIeType": "Gen3",
            "SlotType": "HalfLength",
            "Status": {
                "Health": "OK",
                "State": "Absent"
            }
        }
    ]
}