{
    "@odata.context": "/redfish/v1/$metadata#JsonSchemaFile.JsonSchemaFile",
    "@odata.etag": "W/\"0590BA7A\"",
    "@odata.id": "/redfish/v1/JsonSchemas/HpeiLOSecurityParam",
    "@odata.type": "#JsonSchemaFile.v1_0_4.JsonSchemaFile",
    "Id": "HpeiLOSecurityParam",
    "Description": "Schema Definition File for HpeiLOSecurityParam",
    "Languages": [
        "en"
    ],
    "Location": [
        {
            "Language": "en",
            "Uri": "/redfish/v1/SchemaStore/en/HpeiLOSecurityParam.json"
        }
    ],
    "Name": "HpeiLOSecurityParam Schema Definition File",
    "Schema": "#HpeiLOSecurityParam.v1_1_0.HpeiLOSecurityParam"
}