{
    "@odata.context": "/redfish/v1/$metadata#JsonSchemaFile.JsonSchemaFile",
    "@odata.etag": "W/\"82C2D92F\"",
    "@odata.id": "/redfish/v1/JsonSchemas/HpeiLOSnmpService",
    "@odata.type": "#JsonSchemaFile.v1_0_4.JsonSchemaFile",
    "Id": "HpeiLOSnmpService",
    "Description": "Schema Definition File for HpeiLOSnmpService",
    "Languages": [
        "en"
    ],
    "Location": [
        {
            "Language": "en",
            "Uri": "/redfish/v1/SchemaStore/en/HpeiLOSnmpService.json"
        }
    ],
    "Name": "HpeiLOSnmpService Schema Definition File",
    "Schema": "#HpeiLOSnmpService.v2_3_0.HpeiLOSnmpService"
}