{
    "@odata.context": "/redfish/v1/$metadata#JsonSchemaFile.JsonSchemaFile",
    "@odata.etag": "W/\"41E99480\"",
    "@odata.id": "/redfish/v1/JsonSchemas/ComputerSystemCollection",
    "@odata.type": "#JsonSchemaFile.v1_0_4.JsonSchemaFile",
    "Id": "ComputerSystemCollection",
    "Description": "Schema Definition File for ComputerSystemCollection",
    "Languages": [
        "en"
    ],
    "Location": [
        {
            "Language": "en",
            "Uri": "/redfish/v1/SchemaStore/en/ComputerSystemCollection.json"
        }
    ],
    "Name": "ComputerSystemCollection Schema Definition File",
    "Schema": "#ComputerSystemCollection.ComputerSystemCollection"
}