{
    "@odata.context": "/redfish/v1/$metadata#HpePowerMeter.HpePowerMeter",
    "@odata.etag": "W/\"69161064\"",
    "@odata.id": "/redfish/v1/Chassis/1/Power/SlowPowerMeter",
    "@odata.type": "#HpePowerMeter.v2_0_1.HpePowerMeter",
    "Id": "SlowPowerMeter",
    "Average": 102,
    "Maximum": 121,
    "Minimum": 102,
    "Name": "PowerMeter",
    "PowerDetail": [
        {
            "AmbTemp": 27,
            "Average": 102,
            "Cap": 0,
            "CpuAvgFreq": 0,
            "CpuCapLim": 100,
            "CpuMax": 0,
            "CpuPwrSavLim": 100,
            "CpuUtil": 0,
            "CpuWatts": 19,
            "DimmWatts": 3,
            "GpuWatts": 0,
            "Minimum": 102,
            "Peak": 121,
            "PrMode": "min",
            "PunCap": false,
            "Time": "2023-02-09T21:44:52Z",
            "UnachCap": false
        },
        {
            "AmbTemp": 27,
            "Average": 102,
            "Cap": 0,
            "CpuAvgFreq": 0,
            "CpuCapLim": 100,
            "CpuMax": 0,
            "CpuPwrSavLim": 100,
            "CpuUtil": 3,
            "CpuWatts": 19,
            "DimmWatts": 3,
            "GpuWatts": 0,
            "Minimum": 102,
            "Peak": 105,
            "PrMode": "min",
            "PunCap": false,
            "Time": "2023-02-09T22:45:01Z",
            "UnachCap": false
        },
        {
            "AmbTemp": 27,
            "Average": 103,
            "Cap": 0,
            "CpuAvgFreq": 0,
            "CpuCapLim": 100,
            "CpuMax": 0,
            "CpuPwrSavLim": 100,
            "CpuUtil": 3,
            "CpuWatts": 20,
            "DimmWatts": 3,
            "GpuWatts": 0,
            "Minimum": 103,
            "Peak": 106,
            "PrMode": "min",
            "PunCap": false,
            "Time": "2023-02-09T23:45:10Z",
            "UnachCap": false
        },
        {
            "AmbTemp": 27,
            "Average": 103,
            "Cap": 0,
            "CpuAvgFreq": 0,
            "CpuCapLim": 100,
            "CpuMax": 0,
            "CpuPwrSavLim": 100,
            "CpuUtil": 3,
            "CpuWatts": 19,
            "DimmWatts": 3,
            "GpuWatts": 0,
            "Minimum": 103,
            "Peak": 105,
            "PrMode": "min",
            "PunCap": false,
            "Time": "2023-02-10T00:45:19Z",
            "UnachCap": false
        },
        {
            "AmbTemp": 27,
            "Average": 103,
            "Cap": 0,
            "CpuAvgFreq": 0,
            "CpuCapLim": 100,
            "CpuMax": 0,
            "CpuPwrSavLim": 100,
            "CpuUtil": 3,
            "CpuWatts": 18,
            "DimmWatts": 3,
            "GpuWatts": 0,
            "Minimum": 103,
            "Peak": 105,
            "PrMode": "min",
            "PunCap": false,
            "Time": "2023-02-10T01:45:28Z",
            "UnachCap": false
        },
        {
            "AmbTemp": 27,
            "Average": 102,
            "Cap": 0,
            "CpuAvgFreq": 0,
            "CpuCapLim": 100,
            "CpuMax": 0,
            "CpuPwrSavLim": 100,
            "CpuUtil": 3,
            "CpuWatts": 19,
            "DimmWatts": 3,
            "GpuWatts": 0,
            "Minimum": 102,
            "Peak": 106,
            "PrMode": "min",
            "PunCap": false,
            "Time": "2023-02-10T02:45:37Z",
            "UnachCap": false
        },
        {
            "AmbTemp": 27,
            "Average": 102,
            "Cap": 0,
            "CpuAvgFreq": 0,
            "CpuCapLim": 100,
            "CpuMax": 0,
            "CpuPwrSavLim": 100,
            "CpuUtil": 3,
            "CpuWatts": 19,
            "DimmWatts": 3,
            "GpuWatts": 0,
            "Minimum": 102,
            "Peak": 105,
            "PrMode": "min",
            "PunCap": false,
            "Time": "2023-02-10T03:45:45Z",
            "UnachCap": false
        },
        {
            "AmbTemp": 27,
            "Average": 102,
            "Cap": 0,
            "CpuAvgFreq": 0,
            "CpuCapLim": 100,
            "CpuMax": 0,
            "CpuPwrSavLim": 100,
            "CpuUtil": 3,
            "CpuWatts": 19,
            "DimmWatts": 3,
            "GpuWatts": 0,
            "Minimum": 102,
            "Peak": 105,
            "PrMode": "min",
            "PunCap": false,
            "Time": "2023-02-10T04:45:54Z",
            "UnachCap": false
        },
        {
            "AmbTemp": 27,
            "Average": 102,
            "Cap": 0,
            "CpuAvgFreq": 0,
            "CpuCapLim": 100,
            "CpuMax": 0,
            "CpuPwrSavLim": 100,
            "CpuUtil": 3,
            "CpuWatts": 19,
            "DimmWatts": 3,
            "GpuWatts": 0,
            "Minimum": 102,
            "Peak": 106,
            "PrMode": "min",
            "PunCap": false,
            "Time": "2023-02-10T05:46:03Z",
            "UnachCap": false
        },
        {
            "AmbTemp": 27,
            "Average": 102,
            "Cap": 0,
            "CpuAvgFreq": 0,
            "CpuCapLim": 100,
            "CpuMax": 0,
            "CpuPwrSavLim": 100,
            "CpuUtil": 3,
            "CpuWatts": 18,
            "DimmWatts": 3,
            "GpuWatts": 0,
            "Minimum": 102,
            "Peak": 107,
            "PrMode": "min",
            "PunCap": false,
            "Time": "2023-02-10T06:46:11Z",
            "UnachCap": false
        },
        {
            "AmbTemp": 27,
            "Average": 103,
            "Cap": 0,
            "CpuAvgFreq": 0,
            "CpuCapLim": 100,
            "CpuMax": 0,
            "CpuPwrSavLim": 100,
            "CpuUtil": 3,
            "CpuWatts": 20,
            "DimmWatts": 3,
            "GpuWatts": 0,
            "Minimum": 103,
            "Peak": 107,
            "PrMode": "min",
            "PunCap": false,
            "Time": "2023-02-10T07:46:20Z",
            "UnachCap": false
        },
        {
            "AmbTemp": 27,
            "Average": 103,
            "Cap": 0,
            "CpuAvgFreq": 0,
            "CpuCapLim": 100,
            "CpuMax": 0,
            "CpuPwrSavLim": 100,
            "CpuUtil": 3,
            "CpuWatts": 19,
            "DimmWatts": 3,
            "GpuWatts": 0,
            "Minimum": 103,
            "Peak": 105,
            "PrMode": "min",
            "PunCap": false,
            "Time": "2023-02-10T08:46:29Z",
            "UnachCap": false
        },
        {
            "AmbTemp": 27,
            "Average": 102,
            "Cap": 0,
            "CpuAvgFreq": 0,
            "CpuCapLim": 100,
            "CpuMax": 0,
            "CpuPwrSavLim": 100,
            "CpuUtil": 3,
            "CpuWatts": 20,
            "DimmWatts": 3,
            "GpuWatts": 0,
            "Minimum": 102,
            "Peak": 105,
            "PrMode": "min",
            "PunCap": false,
            "Time": "2023-02-10T09:46:38Z",
            "UnachCap": false
        },
        {
            "AmbTemp": 27,
            "Average": 103,
            "Cap": 0,
            "CpuAvgFreq": 0,
            "CpuCapLim": 100,
            "CpuMax": 0,
            "CpuPwrSavLim": 100,
            "CpuUtil": 3,
            "CpuWatts": 20,
            "DimmWatts": 3,
            "GpuWatts": 0,
            "Minimum": 103,
            "Peak": 105,
            "PrMode": "min",
            "PunCap": false,
            "Time": "2023-02-10T10:46:46Z",
            "UnachCap": false
        },
        {
            "AmbTemp": 27,
            "Average": 103,
            "Cap": 0,
            "CpuAvgFreq": 0,
            "CpuCapLim": 100,
            "CpuMax": 0,
            "CpuPwrSavLim": 100,
            "CpuUtil": 3,
            "CpuWatts": 19,
            "DimmWatts": 3,
            "GpuWatts": 0,
            "Minimum": 103,
            "Peak": 105,
            "PrMode": "min",
            "PunCap": false,
            "Time": "2023-02-10T11:46:55Z",
            "UnachCap": false
        },
        {
            "AmbTemp": 27,
            "Average": 102,
            "Cap": 0,
            "CpuAvgFreq": 0,
            "CpuCapLim": 100,
            "CpuMax": 0,
            "CpuPwrSavLim": 100,
            "CpuUtil": 3,
            "CpuWatts": 19,
            "DimmWatts": 3,
            "GpuWatts": 0,
            "Minimum": 102,
            "Peak": 105,
            "PrMode": "min",
            "PunCap": false,
            "Time": "2023-02-10T12:47:04Z",
            "UnachCap": false
        },
        {
            "AmbTemp": 27,
            "Average": 102,
            "Cap": 0,
            "CpuAvgFreq": 0,
            "CpuCapLim": 100,
            "CpuMax": 0,
            "CpuPwrSavLim": 100,
            "CpuUtil": 3,
            "CpuWatts": 19,
            "DimmWatts": 3,
            "GpuWatts": 0,
            "Minimum": 102,
            "Peak": 105,
            "PrMode": "min",
            "PunCap": false,
            "Time": "2023-02-10T13:47:13Z",
            "UnachCap": false
        },
        {
            "AmbTemp": 27,
            "Average": 102,
            "Cap": 0,
            "CpuAvgFreq": 0,
            "CpuCapLim": 100,
            "CpuMax": 0,
            "CpuPwrSavLim": 100,
            "CpuUtil": 3,
            "CpuWatts": 19,
            "DimmWatts": 3,
            "GpuWatts": 0,
            "Minimum": 102,
            "Peak": 105,
            "PrMode": "min",
            "PunCap": false,
            "Time": "2023-02-10T14:47:21Z",
            "UnachCap": false
        },
        {
            "AmbTemp": 26,
            "Average": 102,
            "Cap": 0,
            "CpuAvgFreq": 0,
            "CpuCapLim": 100,
            "CpuMax": 0,
            "CpuPwrSavLim": 100,
            "CpuUtil": 3,
            "CpuWatts": 19,
            "DimmWatts": 3,
            "GpuWatts": 0,
            "Minimum": 102,
            "Peak": 105,
            "PrMode": "min",
            "PunCap": false,
            "Time": "2023-02-10T15:47:30Z",
            "UnachCap": false
        },
        {
            "AmbTemp": 27,
            "Average": 102,
            "Cap": 0,
            "CpuAvgFreq": 0,
            "CpuCapLim": 100,
            "CpuMax": 0,
            "CpuPwrSavLim": 100,
            "CpuUtil": 3,
            "CpuWatts": 19,
            "DimmWatts": 3,
            "GpuWatts": 0,
            "Minimum": 102,
            "Peak": 105,
            "PrMode": "min",
            "PunCap": false,
            "Time": "2023-02-10T16:47:39Z",
            "UnachCap": false
        },
        {
            "AmbTemp": 27,
            "Average": 103,
            "Cap": 0,
            "CpuAvgFreq": 0,
            "CpuCapLim": 100,
            "CpuMax": 0,
            "CpuPwrSavLim": 100,
            "CpuUtil": 3,
            "CpuWatts": 19,
            "DimmWatts": 3,
            "GpuWatts": 0,
            "Minimum": 103,
            "Peak": 105,
            "PrMode": "min",
            "PunCap": false,
            "Time": "2023-02-10T17:47:48Z",
            "UnachCap": false
        },
        {
            "AmbTemp": 27,
            "Average": 103,
            "Cap": 0,
            "CpuAvgFreq": 0,
            "CpuCapLim": 100,
            "CpuMax": 0,
            "CpuPwrSavLim": 100,
            "CpuUtil": 3,
            "CpuWatts": 19,
            "DimmWatts": 3,
            "GpuWatts": 0,
            "Minimum": 103,
            "Peak": 105,
            "PrMode": "min",
            "PunCap": false,
            "Time": "2023-02-10T18:47:57Z",
            "UnachCap": false
        },
        {
            "AmbTemp": 27,
            "Average": 103,
            "Cap": 0,
            "CpuAvgFreq": 0,
            "CpuCapLim": 100,
            "CpuMax": 0,
            "CpuPwrSavLim": 100,
            "CpuUtil": 3,
            "CpuWatts": 19,
            "DimmWatts": 3,
            "GpuWatts": 0,
            "Minimum": 103,
            "Peak": 105,
            "PrMode": "min",
            "PunCap": false,
            "Time": "2023-02-10T19:48:05Z",
            "UnachCap": false
        },
        {
            "AmbTemp": 27,
            "Average": 103,
            "Cap": 0,
            "CpuAvgFreq": 0,
            "CpuCapLim": 100,
            "CpuMax": 0,
            "CpuPwrSavLim": 100,
            "CpuUtil": 3,
            "CpuWatts": 19,
            "DimmWatts": 3,
            "GpuWatts": 0,
            "Minimum": 103,
            "Peak": 105,
            "PrMode": "min",
            "PunCap": false,
            "Time": "2023-02-10T20:48:14Z",
            "UnachCap": false
        },
        {
            "AmbTemp": 27,
            "Average": 103,
            "Cap": 0,
            "CpuAvgFreq": 0,
            "CpuCapLim": 100,
            "CpuMax": 0,
            "CpuPwrSavLim": 100,
            "CpuUtil": 3,
            "CpuWatts": 19,
            "DimmWatts": 3,
            "GpuWatts": 0,
            "Minimum": 103,
            "Peak": 105,
            "PrMode": "min",
            "PunCap": false,
            "Time": "2023-02-10T21:48:23Z",
            "UnachCap": false
        },
        {
            "AmbTemp": 27,
            "Average": 103,
            "Cap": 0,
            "CpuAvgFreq": 0,
            "CpuCapLim": 100,
            "CpuMax": 0,
            "CpuPwrSavLim": 100,
            "CpuUtil": 3,
            "CpuWatts": 19,
            "DimmWatts": 3,
            "GpuWatts": 0,
            "Minimum": 103,
            "Peak": 105,
            "PrMode": "min",
            "PunCap": false,
            "Time": "2023-02-10T22:48:31Z",
            "UnachCap": false
        }
    ],
    "Samples": 26
}