{
    "@odata.context": "/redfish/v1/$metadata#JsonSchemaFile.JsonSchemaFile",
    "@odata.etag": "W/\"55325150\"",
    "@odata.id": "/redfish/v1/JsonSchemas/HpeServerBootSettings.v2_0_0.HpeServerBootSettings",
    "@odata.type": "#JsonSchemaFile.v1_0_4.JsonSchemaFile",
    "Id": "HpeServerBootSettings.v2_0_0.HpeServerBootSettings",
    "Description": "Schema Definition File for #HpeServerBootSettings.v2_0_0.HpeServerBootSettings",
    "Languages": [
        "en"
    ],
    "Location": [
        {
            "Language": "en",
            "Uri": "/redfish/v1/schemastore/en/hpeserverbootsettings.v2_0_0.json"
        }
    ],
    "Name": "#HpeServerBootSettings.v2_0_0.HpeServerBootSettings Schema Definition File",
    "Schema": "#HpeServerBootSettings.v2_0_0.HpeServerBootSettings"
}