{
    "@odata.context": "/redfish/v1/$metadata#JsonSchemaFile.JsonSchemaFile",
    "@odata.etag": "W/\"986D32E9\"",
    "@odata.id": "/redfish/v1/JsonSchemas/HpeiLOBackupFileCollection",
    "@odata.type": "#JsonSchemaFile.v1_0_4.JsonSchemaFile",
    "Id": "HpeiLOBackupFileCollection",
    "Description": "Schema Definition File for HpeiLOBackupFileCollection",
    "Languages": [
        "en"
    ],
    "Location": [
        {
            "Language": "en",
            "Uri": "/redfish/v1/SchemaStore/en/HpeiLOBackupFileCollection.json"
        }
    ],
    "Name": "HpeiLOBackupFileCollection Schema Definition File",
    "Schema": "#HpeiLOBackupFileCollection.HpeiLOBackupFileCollection"
}