{
    "@odata.context": "/redfish/v1/$metadata#JsonSchemaFile.JsonSchemaFile",
    "@odata.etag": "W/\"D37BC207\"",
    "@odata.id": "/redfish/v1/JsonSchemas/HpeSmartStorageDiskDriveCollection",
    "@odata.type": "#JsonSchemaFile.v1_0_4.JsonSchemaFile",
    "Id": "HpeSmartStorageDiskDriveCollection",
    "Description": "Schema Definition File for HpeSmartStorageDiskDriveCollection",
    "Languages": [
        "en"
    ],
    "Location": [
        {
            "Language": "en",
            "Uri": "/redfish/v1/SchemaStore/en/HpeSmartStorageDiskDriveCollection.json"
        }
    ],
    "Name": "HpeSmartStorageDiskDriveCollection Schema Definition File",
    "Schema": "#HpeSmartStorageDiskDriveCollection.HpeSmartStorageDiskDriveCollection"
}