{
    "@odata.context": "/redfish/v1/$metadata#JsonSchemaFile.JsonSchemaFile",
    "@odata.etag": "W/\"655D4B45\"",
    "@odata.id": "/redfish/v1/JsonSchemas/EventDestination",
    "@odata.type": "#JsonSchemaFile.v1_0_4.JsonSchemaFile",
    "Id": "EventDestination",
    "Description": "Schema Definition File for EventDestination",
    "Languages": [
        "en"
    ],
    "Location": [
        {
            "Language": "en",
            "Uri": "/redfish/v1/SchemaStore/en/EventDestination.json"
        }
    ],
    "Name": "EventDestination Schema Definition File",
    "Schema": "#EventDestination.v1_4_5.EventDestination"
}