{
    "@odata.context": "/redfish/v1/$metadata#JsonSchemaFile.JsonSchemaFile",
    "@odata.etag": "W/\"6F36A646\"",
    "@odata.id": "/redfish/v1/JsonSchemas/HpeEvent",
    "@odata.type": "#JsonSchemaFile.v1_0_4.JsonSchemaFile",
    "Id": "HpeEvent",
    "Description": "Schema Definition File for HpeEvent",
    "Languages": [
        "en"
    ],
    "Location": [
        {
            "Language": "en",
            "Uri": "/redfish/v1/SchemaStore/en/HpeEvent.json"
        }
    ],
    "Name": "HpeEvent Schema Definition File",
    "Schema": "#HpeEvent.v2_1_0.HpeEvent"
}