{
    "@odata.context": "/redfish/v1/$metadata#JsonSchemaFile.JsonSchemaFile",
    "@odata.etag": "W/\"3CAD341C\"",
    "@odata.id": "/redfish/v1/JsonSchemas/HpeServerDeviceCollection",
    "@odata.type": "#JsonSchemaFile.v1_0_4.JsonSchemaFile",
    "Id": "HpeServerDeviceCollection",
    "Description": "Schema Definition File for HpeServerDeviceCollection",
    "Languages": [
        "en"
    ],
    "Location": [
        {
            "Language": "en",
            "Uri": "/redfish/v1/SchemaStore/en/HpeServerDeviceCollection.json"
        }
    ],
    "Name": "HpeServerDeviceCollection Schema Definition File",
    "Schema": "#HpeServerDeviceCollection.HpeServerDeviceCollection"
}