{
    "@odata.context": "/redfish/v1/$metadata#HpeServerDevice.HpeServerDevice",
    "@odata.etag": "W/\"3DEFF783\"",
    "@odata.id": "/redfish/v1/Chassis/1/Devices/5",
    "@odata.type": "#HpeServerDevice.v2_1_0.HpeServerDevice",
    "Id": "5",
    "DeviceInstances": [
        {
            "@odata.id": "/redfish/v1/Systems/1/PCIDevices/5"
        }
    ],
    "DeviceType": "Smart Storage",
    "FirmwareVersion": {
        "Current": {
            "VersionString": "2.59-18"
        }
    },
    "Location": "Embedded RAID",
    "Manufacturer": "",
    "Name": "HPE Smart Array P408i-a SR Gen10",
    "PartNumber": "836260-001",
    "ProductPartNumber": "804334-001",
    "ProductVersion": "B",
    "SerialNumber": "PEYHC0DRHBL439 ",
    "Status": {
        "Health": "OK",
        "State": "Enabled"
    }
}