{
    "@odata.context": "/redfish/v1/$metadata#JsonSchemaFile.JsonSchemaFile",
    "@odata.etag": "W/\"A9F58E39\"",
    "@odata.id": "/redfish/v1/JsonSchemas/HpeInvalidImage",
    "@odata.type": "#JsonSchemaFile.v1_0_4.JsonSchemaFile",
    "Id": "HpeInvalidImage",
    "Description": "Schema Definition File for HpeInvalidImage",
    "Languages": [
        "en"
    ],
    "Location": [
        {
            "Language": "en",
            "Uri": "/redfish/v1/SchemaStore/en/HpeInvalidImage.json"
        }
    ],
    "Name": "HpeInvalidImage Schema Definition File",
    "Schema": "#HpeInvalidImage.v1_0_0.HpeInvalidImage"
}