{
    "@odata.context": "/redfish/v1/$metadata#JsonSchemaFile.JsonSchemaFile",
    "@odata.etag": "W/\"773C3FAD\"",
    "@odata.id": "/redfish/v1/JsonSchemas/HpeiLOAccountService",
    "@odata.type": "#JsonSchemaFile.v1_0_4.JsonSchemaFile",
    "Id": "HpeiLOAccountService",
    "Description": "Schema Definition File for HpeiLOAccountService",
    "Languages": [
        "en"
    ],
    "Location": [
        {
            "Language": "en",
            "Uri": "/redfish/v1/SchemaStore/en/HpeiLOAccountService.json"
        }
    ],
    "Name": "HpeiLOAccountService Schema Definition File",
    "Schema": "#HpeiLOAccountService.v2_3_0.HpeiLOAccountService"
}