{
    "@odata.context": "/redfish/v1/$metadata#Port.Port",
    "@odata.etag": "W/\"6F1243E8\"",
    "@odata.id": "/redfish/v1/Chassis/1/NetworkAdapters/DC080000/Ports/1/Settings",
    "@odata.type": "#Port.v1_5_0.Port",
    "Id": "Settings",
    "@Redfish.Settings": {
        "SettingsObject": {
            "@odata.id": "/redfish/v1/Chassis/1/NetworkAdapters/DC080000/Ports/1/Settings"
        }
    },
    "Actions": {
        "#Port.Reset": {
            "target": "/redfish/v1/Chassis/1/NetworkAdapters/DC080000/Ports/1/Actions/Port.Reset"
        }
    },
    "CurrentSpeedGbps": 0,
    "Description": "Port status and pending configuration data",
    "Ethernet": {
        "AssociatedMACAddresses": [
            "94:F1:28:B3:DB:B8"
        ],
        "EEEEnabled": false,
        "FlowControlConfiguration": "None",
        "FlowControlStatus": "None",
        "LLDPReceive": {
            "ChassisId": "N/A",
            "ChassisIdSubtype": "IfName",
            "ManagementAddressMAC": "00:00:00:00:00:00",
            "PortId": "4E:2F:41",
            "PortIdSubtype": "IfName"
        },
        "LLDPTransmit": {
            "ChassisId": "39373638-3935-4753-4838-343953434B46",
            "ChassisIdSubtype": "LocalAssign",
            "ManagementAddressIPv4": "15.146.51.208",
            "ManagementAddressMAC": "80:30:E0:30:54:30",
            "PortId": "94:F1:28:B3:DB:B8",
            "PortIdSubtype": "MacAddr"
        }
    },
    "FunctionMaxBandwidth": [
        {
            "AllocationPercent": 100,
            "NetworkDeviceFunction": {
                "@odata.id": "/redfish/v1/Chassis/1/NetworkAdapters/DC080000/NetworkDeviceFunctions/1"
            }
        },
        {
            "AllocationPercent": 1,
            "NetworkDeviceFunction": {
                "@odata.id": "/redfish/v1/Chassis/1/NetworkAdapters/DC080000/NetworkDeviceFunctions/3"
            }
        },
        {
            "AllocationPercent": 1,
            "NetworkDeviceFunction": {
                "@odata.id": "/redfish/v1/Chassis/1/NetworkAdapters/DC080000/NetworkDeviceFunctions/5"
            }
        },
        {
            "AllocationPercent": 1,
            "NetworkDeviceFunction": {
                "@odata.id": "/redfish/v1/Chassis/1/NetworkAdapters/DC080000/NetworkDeviceFunctions/7"
            }
        },
        {
            "AllocationPercent": 1,
            "NetworkDeviceFunction": {
                "@odata.id": "/redfish/v1/Chassis/1/NetworkAdapters/DC080000/NetworkDeviceFunctions/9"
            }
        },
        {
            "AllocationPercent": 1,
            "NetworkDeviceFunction": {
                "@odata.id": "/redfish/v1/Chassis/1/NetworkAdapters/DC080000/NetworkDeviceFunctions/11"
            }
        },
        {
            "AllocationPercent": 1,
            "NetworkDeviceFunction": {
                "@odata.id": "/redfish/v1/Chassis/1/NetworkAdapters/DC080000/NetworkDeviceFunctions/13"
            }
        },
        {
            "AllocationPercent": 1,
            "NetworkDeviceFunction": {
                "@odata.id": "/redfish/v1/Chassis/1/NetworkAdapters/DC080000/NetworkDeviceFunctions/15"
            }
        }
    ],
    "FunctionMinBandwidth": [
        {
            "AllocationPercent": 3,
            "NetworkDeviceFunction": {
                "@odata.id": "/redfish/v1/Chassis/1/NetworkAdapters/DC080000/NetworkDeviceFunctions/1"
            }
        },
        {
            "AllocationPercent": 0,
            "NetworkDeviceFunction": {
                "@odata.id": "/redfish/v1/Chassis/1/NetworkAdapters/DC080000/NetworkDeviceFunctions/3"
            }
        },
        {
            "AllocationPercent": 0,
            "NetworkDeviceFunction": {
                "@odata.id": "/redfish/v1/Chassis/1/NetworkAdapters/DC080000/NetworkDeviceFunctions/5"
            }
        },
        {
            "AllocationPercent": 0,
            "NetworkDeviceFunction": {
                "@odata.id": "/redfish/v1/Chassis/1/NetworkAdapters/DC080000/NetworkDeviceFunctions/7"
            }
        },
        {
            "AllocationPercent": 0,
            "NetworkDeviceFunction": {
                "@odata.id": "/redfish/v1/Chassis/1/NetworkAdapters/DC080000/NetworkDeviceFunctions/9"
            }
        },
        {
            "AllocationPercent": 0,
            "NetworkDeviceFunction": {
                "@odata.id": "/redfish/v1/Chassis/1/NetworkAdapters/DC080000/NetworkDeviceFunctions/11"
            }
        },
        {
            "AllocationPercent": 0,
            "NetworkDeviceFunction": {
                "@odata.id": "/redfish/v1/Chassis/1/NetworkAdapters/DC080000/NetworkDeviceFunctions/13"
            }
        },
        {
            "AllocationPercent": 0,
            "NetworkDeviceFunction": {
                "@odata.id": "/redfish/v1/Chassis/1/NetworkAdapters/DC080000/NetworkDeviceFunctions/15"
            }
        }
    ],
    "LinkConfiguration": [
        {
            "AutoSpeedNegotiationCapable": true,
            "CapableLinkSpeedGbps": [
                10,
                25
            ],
            "ConfiguredNetworkLinks": [
                {
                    "ConfiguredLinkSpeedGbps": 10
                },
                {
                    "ConfiguredLinkSpeedGbps": 25
                }
            ]
        }
    ],
    "LinkNetworkTechnology": "Ethernet",
    "Name": "Port",
    "Oem": {
        "Hpe": {
            "@odata.context": "/redfish/v1/$metadata#HpeNetworkPort.HpeNetworkPort",
            "@odata.type": "#HpeNetworkPort.v1_3_2.HpeNetworkPort",
            "EvbData": {
                "Receiving": {
                    "CdcpActive": false,
                    "ChannelActive": false,
                    "ChannelDescriptionLocalSequenceNumber": 0,
                    "ChannelDescriptionRemoteSequenceNumber": 0,
                    "ChannelDescriptionSubtype": 12,
                    "ChannelLinkControlLocalSequenceNumber": 0,
                    "ChannelLinkControlMCEnable": false,
                    "ChannelLinkControlRemoteSequenceNumber": 0,
                    "ChannelLinkControlSubtype": 11,
                    "Role": "bridge",
                    "SChannelAssignments": [
                        {
                            "Scid": 1,
                            "Svid": 1
                        }
                    ],
                    "SChannelMaxCount": 0,
                    "SChannelsSupported": false,
                    "VirtualLinkStatusVector": "00000000"
                },
                "Transmitting": {
                    "ChannelDescriptionData": [],
                    "ChannelDescriptionLocalSequenceNumber": 36374,
                    "ChannelDescriptionRemoteSequenceNumber": 0,
                    "ChannelDescriptorCount": 0,
                    "ChannelLinkControlLocalSequenceNumber": 36366,
                    "ChannelLinkControlMCEnable": false,
                    "ChannelLinkControlRemoteSequenceNumber": 0,
                    "Role": "station",
                    "SChannelAssignments": [
                        {
                            "Scid": 1,
                            "Svid": 0
                        },
                        {
                            "Scid": 2,
                            "Svid": 0
                        },
                        {
                            "Scid": 3,
                            "Svid": 0
                        },
                        {
                            "Scid": 4,
                            "Svid": 0
                        },
                        {
                            "Scid": 5,
                            "Svid": 0
                        },
                        {
                            "Scid": 6,
                            "Svid": 0
                        },
                        {
                            "Scid": 7,
                            "Svid": 0
                        },
                        {
                            "Scid": 8,
                            "Svid": 0
                        },
                        {
                            "Scid": 9,
                            "Svid": 0
                        }
                    ],
                    "SChannelMaxCount": 9,
                    "SChannelsSupported": true,
                    "VirtualLinkStatusVector": "0000000000000000"
                }
            },
            "LldpData": {
                "Receiving": {
                    "Dcb": {
                        "ApplicationPriorityReceived": false,
                        "ApplicationPriorityTable": [
                            {
                                "ApplicationPriority": 0,
                                "ApplicationProtocol": 0,
                                "ApplicationSelect": "reserved"
                            }
                        ],
                        "Ets": {
                            "BandwidthAssignmentTable": [
                                100,
                                0,
                                0,
                                0,
                                0,
                                0,
                                0,
                                0
                            ],
                            "CreditBasedShaper": false,
                            "MaximumTrafficClassCount": 8,
                            "PriorityAssignmentTable": [
                                0,
                                0,
                                0,
                                0,
                                0,
                                0,
                                0,
                                0
                            ],
                            "TlvReceived": false,
                            "TrafficSelectionAlgorithmTable": [
                                "ETS",
                                "ETS",
                                "ETS",
                                "ETS",
                                "ETS",
                                "ETS",
                                "ETS",
                                "ETS"
                            ],
                            "Willing": false
                        },
                        "LocalEqualRemote": false,
                        "Pfc": {
                            "EnabledTrafficClasses": "00000000",
                            "MacSecurityBypassCapability": false,
                            "MaximumTrafficClassCount": 0,
                            "TlvReceived": false,
                            "Willing": false
                        },
                        "Version": "unknown"
                    },
                    "ManagementAddress": "00:00:00:00:00:00",
                    "ManagementAddressOID": "",
                    "ManagementAddressReceived": false,
                    "ManagementAddressType": "all802",
                    "ManagementIFNumSubtype": "unknown",
                    "ManagementIFNumber": "00:00:00:00",
                    "ManagementVlanReceived": false,
                    "NearestBridgeTtlExpired": true,
                    "PortDescription": "N/A",
                    "SystemDescription": "N/A"
                },
                "Transmitting": {
                    "ManagementAddresses": [
                        {
                            "ManagementIPAddress": "15.146.51.208",
                            "ManagementIPAddressType": "IPv4"
                        },
                        {
                            "ManagementIPAddress": "80:30:E0:30:54:30",
                            "ManagementIPAddressType": "all802"
                        }
                    ],
                    "ManagementCvlanIDTransmitted": false,
                    "PortDescription": "PCI-E Slot 1, Port 1",
                    "SystemDescription": "ProLiant DL360 Gen10"
                }
            },
            "PortDiagnosticEnableLocalLoopback": false,
            "PortDiagnosticEnableRemoteLoopback": false,
            "PortDiagnosticLocalLoopbackCapable": false,
            "PortDiagnosticRemoteLoopbackCapable": false,
            "PortDiagnosticsEnabled": false,
            "VirtualFunctionAllocations": [
                {
                    "NetworkDeviceFunction": {
                        "odataId": "/redfish/v1/Chassis/1/NetworkAdapters/DC080000/NetworkDeviceFunctions/1"
                    },
                    "VirtualFunctionsAllocated": 96
                },
                {
                    "NetworkDeviceFunction": {
                        "odataId": "/redfish/v1/Chassis/1/NetworkAdapters/DC080000/NetworkDeviceFunctions/3"
                    },
                    "VirtualFunctionsAllocated": 0
                },
                {
                    "NetworkDeviceFunction": {
                        "odataId": "/redfish/v1/Chassis/1/NetworkAdapters/DC080000/NetworkDeviceFunctions/5"
                    },
                    "VirtualFunctionsAllocated": 0
                },
                {
                    "NetworkDeviceFunction": {
                        "odataId": "/redfish/v1/Chassis/1/NetworkAdapters/DC080000/NetworkDeviceFunctions/7"
                    },
                    "VirtualFunctionsAllocated": 0
                },
                {
                    "NetworkDeviceFunction": {
                        "odataId": "/redfish/v1/Chassis/1/NetworkAdapters/DC080000/NetworkDeviceFunctions/9"
                    },
                    "VirtualFunctionsAllocated": 0
                },
                {
                    "NetworkDeviceFunction": {
                        "odataId": "/redfish/v1/Chassis/1/NetworkAdapters/DC080000/NetworkDeviceFunctions/11"
                    },
                    "VirtualFunctionsAllocated": 0
                },
                {
                    "NetworkDeviceFunction": {
                        "odataId": "/redfish/v1/Chassis/1/NetworkAdapters/DC080000/NetworkDeviceFunctions/13"
                    },
                    "VirtualFunctionsAllocated": 0
                },
                {
                    "NetworkDeviceFunction": {
                        "odataId": "/redfish/v1/Chassis/1/NetworkAdapters/DC080000/NetworkDeviceFunctions/15"
                    },
                    "VirtualFunctionsAllocated": 0
                }
            ]
        }
    },
    "PortId": "1",
    "Settings": {
        "href": "/redfish/v1/Chassis/1/NetworkAdapters/DC080000/Ports/1/Settings"
    },
    "SignalDetected": false
}