{
    "@odata.context": "/redfish/v1/$metadata#JsonSchemaFile.JsonSchemaFile",
    "@odata.etag": "W/\"6D0914A4\"",
    "@odata.id": "/redfish/v1/JsonSchemas/HpeServerChassis",
    "@odata.type": "#JsonSchemaFile.v1_0_4.JsonSchemaFile",
    "Id": "HpeServerChassis",
    "Description": "Schema Definition File for HpeServerChassis",
    "Languages": [
        "en"
    ],
    "Location": [
        {
            "Language": "en",
            "Uri": "/redfish/v1/SchemaStore/en/HpeServerChassis.json"
        }
    ],
    "Name": "HpeServerChassis Schema Definition File",
    "Schema": "#HpeServerChassis.v2_3_1.HpeServerChassis"
}