{
    "@odata.context": "/redfish/v1/$metadata#JsonSchemaFile.JsonSchemaFile",
    "@odata.etag": "W/\"C62941D4\"",
    "@odata.id": "/redfish/v1/JsonSchemas/Chassis",
    "@odata.type": "#JsonSchemaFile.v1_0_4.JsonSchemaFile",
    "Id": "Chassis",
    "Description": "Schema Definition File for Chassis",
    "Languages": [
        "en"
    ],
    "Location": [
        {
            "Language": "en",
            "Uri": "/redfish/v1/SchemaStore/en/Chassis.json"
        }
    ],
    "Name": "Chassis Schema Definition File",
    "Schema": "#Chassis.v1_11_2.Chassis"
}