{
    "@odata.context": "/redfish/v1/$metadata#JsonSchemaFile.JsonSchemaFile",
    "@odata.etag": "W/\"7B66D269\"",
    "@odata.id": "/redfish/v1/JsonSchemas/AccountService",
    "@odata.type": "#JsonSchemaFile.v1_0_4.JsonSchemaFile",
    "Id": "AccountService",
    "Description": "Schema Definition File for AccountService",
    "Languages": [
        "en"
    ],
    "Location": [
        {
            "Language": "en",
            "Uri": "/redfish/v1/SchemaStore/en/AccountService.json"
        }
    ],
    "Name": "AccountService Schema Definition File",
    "Schema": "#AccountService.v1_5_0.AccountService"
}