{
    "@odata.context": "/redfish/v1/$metadata#JsonSchemaFile.JsonSchemaFile",
    "@odata.etag": "W/\"6AD0FBDD\"",
    "@odata.id": "/redfish/v1/JsonSchemas/EthernetInterfaceCollection",
    "@odata.type": "#JsonSchemaFile.v1_0_4.JsonSchemaFile",
    "Id": "EthernetInterfaceCollection",
    "Description": "Schema Definition File for EthernetInterfaceCollection",
    "Languages": [
        "en"
    ],
    "Location": [
        {
            "Language": "en",
            "Uri": "/redfish/v1/SchemaStore/en/EthernetInterfaceCollection.json"
        }
    ],
    "Name": "EthernetInterfaceCollection Schema Definition File",
    "Schema": "#EthernetInterfaceCollection.EthernetInterfaceCollection"
}