{
    "@odata.context": "/redfish/v1/$metadata#HpeiLOAccountCertificateMap.HpeiLOAccountCertificateMap",
    "@odata.etag": "W/\"DDFEACA8\"",
    "@odata.id": "/redfish/v1/AccountService/UserCertificateMapping/3",
    "@odata.type": "#HpeiLOAccountCertificateMap.v1_0_1.HpeiLOAccountCertificateMap",
    "Id": "3",
    "Fingerprint": "00:00:00:00:00:00:00:00:00:00:00:00:00:00:00:00:00:00:00:00:00:00:00:00:00:00:00:00:00:00:00:00",
    "FingerprintDigestAlgorithm": "SHA256",
    "UserName": "user"
}