{
    "@odata.context": "/redfish/v1/$metadata#JsonSchemaFile.JsonSchemaFile",
    "@odata.etag": "W/\"1776BD29\"",
    "@odata.id": "/redfish/v1/JsonSchemas/HpeBundleUpdateReportCollection",
    "@odata.type": "#JsonSchemaFile.v1_0_4.JsonSchemaFile",
    "Id": "HpeBundleUpdateReportCollection",
    "Description": "Schema Definition File for HpeBundleUpdateReportCollection",
    "Languages": [
        "en"
    ],
    "Location": [
        {
            "Language": "en",
            "Uri": "/redfish/v1/SchemaStore/en/HpeBundleUpdateReportCollection.json"
        }
    ],
    "Name": "HpeBundleUpdateReportCollection Schema Definition File",
    "Schema": "#HpeBundleUpdateReportCollection.HpeBundleUpdateReportCollection"
}