{
    "@odata.context": "/redfish/v1/$metadata#JsonSchemaFile.JsonSchemaFile",
    "@odata.etag": "W/\"20929ACD\"",
    "@odata.id": "/redfish/v1/JsonSchemas/HpeKmsConfig.v1_0_0.HpeKmsConfig",
    "@odata.type": "#JsonSchemaFile.v1_0_4.JsonSchemaFile",
    "Id": "HpeKmsConfig.v1_0_0.HpeKmsConfig",
    "Description": "Schema Definition File for #HpeKmsConfig.v1_0_0.HpeKmsConfig",
    "Languages": [
        "en"
    ],
    "Location": [
        {
            "Language": "en",
            "Uri": "/redfish/v1/schemastore/en/hpekmsconfig.v1_0_0.json"
        }
    ],
    "Name": "#HpeKmsConfig.v1_0_0.HpeKmsConfig Schema Definition File",
    "Schema": "#HpeKmsConfig.v1_0_0.HpeKmsConfig"
}