{
    "@odata.context": "/redfish/v1/$metadata#JsonSchemaFile.JsonSchemaFile",
    "@odata.etag": "W/\"91A63727\"",
    "@odata.id": "/redfish/v1/JsonSchemas/HpeiLOEthernetNetworkInterface",
    "@odata.type": "#JsonSchemaFile.v1_0_4.JsonSchemaFile",
    "Id": "HpeiLOEthernetNetworkInterface",
    "Description": "Schema Definition File for HpeiLOEthernetNetworkInterface",
    "Languages": [
        "en"
    ],
    "Location": [
        {
            "Language": "en",
            "Uri": "/redfish/v1/SchemaStore/en/HpeiLOEthernetNetworkInterface.json"
        }
    ],
    "Name": "HpeiLOEthernetNetworkInterface Schema Definition File",
    "Schema": "#HpeiLOEthernetNetworkInterface.v2_2_1.HpeiLOEthernetNetworkInterface"
}