{
    "@odata.context": "/redfish/v1/$metadata#PCIeDeviceCollection.PCIeDeviceCollection",
    "@odata.etag": "W/\"96E00A2C\"",
    "@odata.id": "/redfish/v1/Chassis/1/PCIeDevices",
    "@odata.type": "#PCIeDeviceCollection.PCIeDeviceCollection",
    "Description": " PCIeDevice view",
    "Name": "PCIeDevice",
    "Members": [
        {
            "@odata.id": "/redfish/v1/Chassis/1/PCIeDevices/174"
        },
        {
            "@odata.id": "/redfish/v1/Chassis/1/PCIeDevices/178"
        },
        {
            "@odata.id": "/redfish/v1/Chassis/1/PCIeDevices/179"
        },
        {
            "@odata.id": "/redfish/v1/Chassis/1/PCIeDevices/180"
        }
    ],
    "Members@odata.count": 4
}