{
    "GET": {
        "Allow": "GET, HEAD, PATCH",
        "Cache-Control": "no-cache",
        "Connection": "keep-alive",
        "Content-type": "application/json; charset=utf-8",
        "Date": "Fri, 10 Feb 2023 23:00:28 GMT",
        "ETag": "W/\"3E9E955D\"",
        "Link": "</redfish/v1/SchemaStore/en/NetworkDeviceFunction.json>; rel=describedby",
        "OData-Version": "4.0",
        "Transfer-Encoding": "chunked",
        "X-Content-Type-Options": "nosniff",
        "X-Frame-Options": "sameorigin",
        "X-XSS-Protection": "1; mode=block"
    }
}