{
    "@odata.context": "/redfish/v1/$metadata#NetworkDeviceFunction.NetworkDeviceFunction",
    "@odata.etag": "W/\"3E9E955D\"",
    "@odata.id": "/redfish/v1/Chassis/1/NetworkAdapters/DC080000/NetworkDeviceFunctions/9",
    "@odata.type": "#NetworkDeviceFunction.v1_5_0.NetworkDeviceFunction",
    "Id": "9",
    "@Redfish.Settings": {
        "SettingsObject": {
            "@odata.id": "/redfish/v1/Chassis/1/NetworkAdapters/DC080000/NetworkDeviceFunctions/9/Settings"
        }
    },
    "AssignablePhysicalNetworkPorts": [
        {
            "@odata.id": "/redfish/v1/Chassis/1/NetworkAdapters/DC080000/Ports/1"
        }
    ],
    "AssignablePhysicalPorts": [
        {
            "@odata.id": "/redfish/v1/Chassis/1/NetworkAdapters/DC080000/NetworkPorts/1"
        }
    ],
    "BootMode": "Disabled",
    "Description": "PCIe function status and active configuration data",
    "DeviceEnabled": false,
    "Ethernet": {
        "MACAddress": "94:F1:28:B3:DB:C0",
        "PermanentMACAddress": "94:F1:28:B3:DB:C0"
    },
    "Links": {
        "PhysicalPortAssignment": {
            "@odata.id": "/redfish/v1/Chassis/1/NetworkAdapters/DC080000/NetworkPorts/1"
        },
        "PhysicalNetworkPortAssignment": {
            "@odata.id": "/redfish/v1/Chassis/1/NetworkAdapters/DC080000/Ports/1"
        }
    },
    "MaxVirtualFunctions": 0,
    "Name": "Network adapter PCIe function",
    "NetDevFuncCapabilities": [
        "Disabled",
        "Ethernet"
    ],
    "NetDevFuncType": "Disabled",
    "Oem": {
        "Hpe": {
            "@odata.context": "/redfish/v1/$metadata#HpeNetworkDeviceFunction.HpeNetworkDeviceFunction",
            "@odata.type": "#HpeNetworkDeviceFunction.v1_2_1.HpeNetworkDeviceFunction",
            "BootTargetSource": "UEFI",
            "ConnectionID": "00000000-0000-0000-0000-000000000000",
            "NetDevFuncCapabilities": [
                "Disabled",
                "Ethernet"
            ],
            "NetDevFuncType": "Disabled",
            "VirtualLinkStatus": "NoChannel",
            "WakeOnLANEnabled": false
        }
    },
    "PhysicalNetworkPortAssignment": {
        "@odata.id": "/redfish/v1/Chassis/1/NetworkAdapters/DC080000/Ports/1"
    },
    "PhysicalPortAssignment": {
        "@odata.id": "/redfish/v1/Chassis/1/NetworkAdapters/DC080000/NetworkPorts/1"
    },
    "Settings": {
        "href": "/redfish/v1/Chassis/1/NetworkAdapters/DC080000/NetworkDeviceFunctions/9/Settings"
    },
    "VirtualFunctionsEnabled": false
}