{
    "@odata.context": "/redfish/v1/$metadata#JsonSchemaFile.JsonSchemaFile",
    "@odata.etag": "W/\"6D4CF06C\"",
    "@odata.id": "/redfish/v1/JsonSchemas/EventService",
    "@odata.type": "#JsonSchemaFile.v1_0_4.JsonSchemaFile",
    "Id": "EventService",
    "Description": "Schema Definition File for EventService",
    "Languages": [
        "en"
    ],
    "Location": [
        {
            "Language": "en",
            "Uri": "/redfish/v1/SchemaStore/en/EventService.json"
        }
    ],
    "Name": "EventService Schema Definition File",
    "Schema": "#EventService.v1_2_7.EventService"
}