{
    "@odata.context": "/redfish/v1/$metadata#JsonSchemaFile.JsonSchemaFile",
    "@odata.etag": "W/\"5261F6CB\"",
    "@odata.id": "/redfish/v1/JsonSchemas/HpeServerFan",
    "@odata.type": "#JsonSchemaFile.v1_0_4.JsonSchemaFile",
    "Id": "HpeServerFan",
    "Description": "Schema Definition File for HpeServerFan",
    "Languages": [
        "en"
    ],
    "Location": [
        {
            "Language": "en",
            "Uri": "/redfish/v1/SchemaStore/en/HpeServerFan.json"
        }
    ],
    "Name": "HpeServerFan Schema Definition File",
    "Schema": "#HpeServerFan.v2_0_0.HpeServerFan"
}