{
    "@odata.context": "/redfish/v1/$metadata#JsonSchemaFile.JsonSchemaFile",
    "@odata.etag": "W/\"C65FF164\"",
    "@odata.id": "/redfish/v1/JsonSchemas/HpeiLOLicenseCollection",
    "@odata.type": "#JsonSchemaFile.v1_0_4.JsonSchemaFile",
    "Id": "HpeiLOLicenseCollection",
    "Description": "Schema Definition File for HpeiLOLicenseCollection",
    "Languages": [
        "en"
    ],
    "Location": [
        {
            "Language": "en",
            "Uri": "/redfish/v1/SchemaStore/en/HpeiLOLicenseCollection.json"
        }
    ],
    "Name": "HpeiLOLicenseCollection Schema Definition File",
    "Schema": "#HpeiLOLicenseCollection.HpeiLOLicenseCollection"
}