{
    "@odata.context": "/redfish/v1/$metadata#JsonSchemaFile.JsonSchemaFile",
    "@odata.etag": "W/\"093C7665\"",
    "@odata.id": "/redfish/v1/JsonSchemas/HpeComputerSystemExt",
    "@odata.type": "#JsonSchemaFile.v1_0_4.JsonSchemaFile",
    "Id": "HpeComputerSystemExt",
    "Description": "Schema Definition File for HpeComputerSystemExt",
    "Languages": [
        "en"
    ],
    "Location": [
        {
            "Language": "en",
            "Uri": "/redfish/v1/SchemaStore/en/HpeComputerSystemExt.json"
        }
    ],
    "Name": "HpeComputerSystemExt Schema Definition File",
    "Schema": "#HpeComputerSystemExt.v2_12_0.HpeComputerSystemExt"
}