{
    "@odata.context": "/redfish/v1/$metadata#JsonSchemaFile.JsonSchemaFile",
    "@odata.etag": "W/\"2AF7A7CB\"",
    "@odata.id": "/redfish/v1/JsonSchemas/HpeiLOFederatedGroupCapping",
    "@odata.type": "#JsonSchemaFile.v1_0_4.JsonSchemaFile",
    "Id": "HpeiLOFederatedGroupCapping",
    "Description": "Schema Definition File for HpeiLOFederatedGroupCapping",
    "Languages": [
        "en"
    ],
    "Location": [
        {
            "Language": "en",
            "Uri": "/redfish/v1/SchemaStore/en/HpeiLOFederatedGroupCapping.json"
        }
    ],
    "Name": "HpeiLOFederatedGroupCapping Schema Definition File",
    "Schema": "#HpeiLOFederatedGroupCapping.v2_0_0.HpeiLOFederatedGroupCapping"
}