{
    "@odata.context": "/redfish/v1/$metadata#JsonSchemaFile.JsonSchemaFile",
    "@odata.etag": "W/\"EECE8C61\"",
    "@odata.id": "/redfish/v1/JsonSchemas/HpeSecurityService",
    "@odata.type": "#JsonSchemaFile.v1_0_4.JsonSchemaFile",
    "Id": "HpeSecurityService",
    "Description": "Schema Definition File for HpeSecurityService",
    "Languages": [
        "en"
    ],
    "Location": [
        {
            "Language": "en",
            "Uri": "/redfish/v1/SchemaStore/en/HpeSecurityService.json"
        }
    ],
    "Name": "HpeSecurityService Schema Definition File",
    "Schema": "#HpeSecurityService.v2_3_1.HpeSecurityService"
}