{
    "@odata.context": "/redfish/v1/$metadata#JsonSchemaFile.JsonSchemaFile",
    "@odata.etag": "W/\"908E03FD\"",
    "@odata.id": "/redfish/v1/JsonSchemas/EventDestinationCollection",
    "@odata.type": "#JsonSchemaFile.v1_0_4.JsonSchemaFile",
    "Id": "EventDestinationCollection",
    "Description": "Schema Definition File for EventDestinationCollection",
    "Languages": [
        "en"
    ],
    "Location": [
        {
            "Language": "en",
            "Uri": "/redfish/v1/SchemaStore/en/EventDestinationCollection.json"
        }
    ],
    "Name": "EventDestinationCollection Schema Definition File",
    "Schema": "#EventDestinationCollection.EventDestinationCollection"
}