{
    "@odata.context": "/redfish/v1/$metadata#JsonSchemaFile.JsonSchemaFile",
    "@odata.etag": "W/\"5B2501A2\"",
    "@odata.id": "/redfish/v1/JsonSchemas/HpeiLOUpdateServiceExt",
    "@odata.type": "#JsonSchemaFile.v1_0_4.JsonSchemaFile",
    "Id": "HpeiLOUpdateServiceExt",
    "Description": "Schema Definition File for HpeiLOUpdateServiceExt",
    "Languages": [
        "en"
    ],
    "Location": [
        {
            "Language": "en",
            "Uri": "/redfish/v1/SchemaStore/en/HpeiLOUpdateServiceExt.json"
        }
    ],
    "Name": "HpeiLOUpdateServiceExt Schema Definition File",
    "Schema": "#HpeiLOUpdateServiceExt.v2_3_0.HpeiLOUpdateServiceExt"
}