{
    "@odata.context": "/redfish/v1/$metadata#JsonSchemaFile.JsonSchemaFile",
    "@odata.etag": "W/\"A70F1017\"",
    "@odata.id": "/redfish/v1/JsonSchemas/HpeCertAuth",
    "@odata.type": "#JsonSchemaFile.v1_0_4.JsonSchemaFile",
    "Id": "HpeCertAuth",
    "Description": "Schema Definition File for HpeCertAuth",
    "Languages": [
        "en"
    ],
    "Location": [
        {
            "Language": "en",
            "Uri": "/redfish/v1/SchemaStore/en/HpeCertAuth.json"
        }
    ],
    "Name": "HpeCertAuth Schema Definition File",
    "Schema": "#HpeCertAuth.v1_1_0.HpeCertAuth"
}