{
    "@odata.context": "/redfish/v1/$metadata#JsonSchemaFile.JsonSchemaFile",
    "@odata.etag": "W/\"261F493D\"",
    "@odata.id": "/redfish/v1/JsonSchemas/HpeBaseNetworkAdapterCollection",
    "@odata.type": "#JsonSchemaFile.v1_0_4.JsonSchemaFile",
    "Id": "HpeBaseNetworkAdapterCollection",
    "Description": "Schema Definition File for HpeBaseNetworkAdapterCollection",
    "Languages": [
        "en"
    ],
    "Location": [
        {
            "Language": "en",
            "Uri": "/redfish/v1/SchemaStore/en/HpeBaseNetworkAdapterCollection.json"
        }
    ],
    "Name": "HpeBaseNetworkAdapterCollection Schema Definition File",
    "Schema": "#HpeBaseNetworkAdapterCollection.HpeBaseNetworkAdapterCollection"
}