{
    "@odata.context": "/redfish/v1/$metadata#JsonSchemaFile.JsonSchemaFile",
    "@odata.etag": "W/\"A686AE2E\"",
    "@odata.id": "/redfish/v1/JsonSchemas/HpeiSCSISoftwareInitiator.v2_0_0.HpeiSCSISoftwareInitiator",
    "@odata.type": "#JsonSchemaFile.v1_0_4.JsonSchemaFile",
    "Id": "HpeiSCSISoftwareInitiator.v2_0_0.HpeiSCSISoftwareInitiator",
    "Description": "Schema Definition File for #HpeiSCSISoftwareInitiator.v2_0_0.HpeiSCSISoftwareInitiator",
    "Languages": [
        "en"
    ],
    "Location": [
        {
            "Language": "en",
            "Uri": "/redfish/v1/schemastore/en/hpeiscsisoftwareinitiator.v2_0_0.json"
        }
    ],
    "Name": "#HpeiSCSISoftwareInitiator.v2_0_0.HpeiSCSISoftwareInitiator Schema Definition File",
    "Schema": "#HpeiSCSISoftwareInitiator.v2_0_0.HpeiSCSISoftwareInitiator"
}