{
    "@odata.context": "/redfish/v1/$metadata#JsonSchemaFile.JsonSchemaFile",
    "@odata.etag": "W/\"73EA1A2B\"",
    "@odata.id": "/redfish/v1/JsonSchemas/HpeServerAccPowerCalibration",
    "@odata.type": "#JsonSchemaFile.v1_0_4.JsonSchemaFile",
    "Id": "HpeServerAccPowerCalibration",
    "Description": "Schema Definition File for HpeServerAccPowerCalibration",
    "Languages": [
        "en"
    ],
    "Location": [
        {
            "Language": "en",
            "Uri": "/redfish/v1/SchemaStore/en/HpeServerAccPowerCalibration.json"
        }
    ],
    "Name": "HpeServerAccPowerCalibration Schema Definition File",
    "Schema": "#HpeServerAccPowerCalibration.v1_0_0.HpeServerAccPowerCalibration"
}