{
    "@odata.context": "/redfish/v1/$metadata#JsonSchemaFile.JsonSchemaFile",
    "@odata.etag": "W/\"4BEE3D32\"",
    "@odata.id": "/redfish/v1/JsonSchemas/HpeiLOAccountCertificateMap",
    "@odata.type": "#JsonSchemaFile.v1_0_4.JsonSchemaFile",
    "Id": "HpeiLOAccountCertificateMap",
    "Description": "Schema Definition File for HpeiLOAccountCertificateMap",
    "Languages": [
        "en"
    ],
    "Location": [
        {
            "Language": "en",
            "Uri": "/redfish/v1/SchemaStore/en/HpeiLOAccountCertificateMap.json"
        }
    ],
    "Name": "HpeiLOAccountCertificateMap Schema Definition File",
    "Schema": "#HpeiLOAccountCertificateMap.v1_0_1.HpeiLOAccountCertificateMap"
}