{
    "@odata.context": "/redfish/v1/$metadata#PCIeDevice.PCIeDevice",
    "@odata.etag": "W/\"4DA55F10\"",
    "@odata.id": "/redfish/v1/Chassis/1/PCIeDevices/178",
    "@odata.type": "#PCIeDevice.v1_5_0.PCIeDevice",
    "Id": "178",
    "FirmwareVersion": "2.59-18",
    "Manufacturer": "",
    "Model": "804334-001",
    "Name": "HPE Smart Array P408i-a SR Gen10",
    "PCIeFunctions": {
        "@odata.id": "/redfish/v1/Chassis/1/PCIeDevices/178/PCIeFunctions"
    },
    "PartNumber": "804334-001",
    "SKU": "836260-001",
    "SerialNumber": "PEYHC0DRHBL439 ",
    "Status": {
        "Health": "OK",
        "State": "Enabled"
    }
}