{
    "@odata.context": "/redfish/v1/$metadata#ServiceRoot.ServiceRoot",
    "@odata.etag": "W/\"85004B7F\"",
    "@odata.id": "/redfish/v1",
    "@odata.type": "#ServiceRoot.v1_5_1.ServiceRoot",
    "Id": "RootService",
    "AccountService": {
        "@odata.id": "/redfish/v1/AccountService"
    },
    "CertificateService": {
        "@odata.id": "/redfish/v1/CertificateService"
    },
    "Chassis": {
        "@odata.id": "/redfish/v1/Chassis"
    },
    "EventService": {
        "@odata.id": "/redfish/v1/EventService"
    },
    "JsonSchemas": {
        "@odata.id": "/redfish/v1/JsonSchemas"
    },
    "Links": {
        "Sessions": {
            "@odata.id": "/redfish/v1/SessionService/Sessions"
        }
    },
    "Managers": {
        "@odata.id": "/redfish/v1/Managers"
    },
    "Name": "HPE RESTful Root Service",
    "Oem": {
        "Hpe": {
            "@odata.context": "/redfish/v1/$metadata#HpeiLOServiceExt.HpeiLOServiceExt",
            "@odata.type": "#HpeiLOServiceExt.v2_4_0.HpeiLOServiceExt",
            "CACLoginUri": "/html/login_cert.html",
            "DevSystem": true,
            "Links": {
                "ResourceDirectory": {
                    "@odata.id": "/redfish/v1/ResourceDirectory"
                }
            },
            "Manager": [
                {
                    "DefaultLanguage": "en",
                    "ExternalManager": "None",
                    "FQDN": "ILOSGH050SGY3.tst.sgp.hp.mfg",
                    "HostName": "ILOSGH050SGY3",
                    "Languages": [
                        {
                            "Language": "en",
                            "TranslationName": "English",
                            "Version": "2.80"
                        }
                    ],
                    "ManagerFirmwareVersion": "2.80",
                    "ManagerType": "iLO 5",
                    "SelfTestErrors": [
                        {
                            "SelfTestName": "EEPROM"
                        }
                    ],
                    "Status": {
                        "Health": "Warning"
                    }
                }
            ],
            "Moniker": {
                "ADVLIC": "iLO Advanced",
                "BMC": "iLO",
                "BSYS": "BladeSystem",
                "CLASS": "Baseboard Management Controller",
                "FEDGRP": "DEFAULT",
                "IPROV": "Intelligent Provisioning",
                "PRODABR": "iLO",
                "PRODFAM": "Integrated Lights-Out",
                "PRODGEN": "iLO 5",
                "PRODNAM": "Integrated Lights-Out 5",
                "PRODTAG": "HPE iLO 5",
                "STDLIC": "iLO Standard",
                "SUMABR": "SUM",
                "SUMGR": "Smart Update Manager",
                "SYSFAM": "ProLiant",
                "SYSMGMT": "Enhanced",
                "VENDABR": "HPE",
                "VENDNAM": "Hewlett-Packard Enterprise",
                "VNIC": "Virtual NIC",
                "WWW": "www.hpe.com",
                "WWWAHSV": "www.hpe.com/servers/ahsv",
                "WWWBMC": "www.hpe.com/servers/ilo",
                "WWWDOC": "www.hpe.com/support/ilo-docs",
                "WWWERS": "www.hpe.com/services/getconnected",
                "WWWGLIS": "www.hpe.com/glis",
                "WWWINFOSIGHT": "infosight.hpe.com",
                "WWWIOL": "www.hpe.com/info/insightonline",
                "WWWLIC": "www.hpe.com/info/ilo",
                "WWWLML": "www.hpe.com/support",
                "WWWPASS": "www.hpe.com/support/hpesc",
                "WWWPRV": "www.hpe.com/info/privacy",
                "WWWQSPEC": "www.hpe.com/info/qs",
                "WWWRESTDOC": "www.hpe.com/us/en/servers/restful-api.html",
                "WWWSUP": "www.hpe.com/support/ilo5",
                "WWWSWLIC": "www.hpe.com/software/SWLicensing"
            },
            "Sessions": {
                "CertCommonName": "ILOSGH050SGY3.tst.sgp.hp.mfg",
                "CertificateLoginEnabled": false,
                "KerberosEnabled": true,
                "LDAPAuthLicenced": true,
                "LDAPEnabled": true,
                "LocalLoginEnabled": true,
                "LoginFailureDelay": 0,
                "LoginHint": {
                    "Hint": "POST to /Sessions to login using the following JSON object:",
                    "HintPOSTData": {
                        "Password": "password",
                        "UserName": "username"
                    }
                },
                "SecurityOverride": false,
                "ServerName": "localhost"
            },
            "System": [
                {
                    "Status": {
                        "Health": "OK"
                    }
                }
            ],
            "Time": "2023-02-10T22:53:16Z"
        }
    },
    "Product": "ProLiant DL360 Gen10",
    "ProtocolFeaturesSupported": {
        "ExpandQuery": {
            "ExpandAll": false,
            "Levels": true,
            "Links": false,
            "MaxLevels": 1,
            "NoLinks": true
        },
        "FilterQuery": true,
        "OnlyMemberQuery": true,
        "SelectQuery": true
    },
    "RedfishVersion": "1.6.0",
    "Registries": {
        "@odata.id": "/redfish/v1/Registries"
    },
    "SessionService": {
        "@odata.id": "/redfish/v1/SessionService"
    },
    "Systems": {
        "@odata.id": "/redfish/v1/Systems"
    },
    "Tasks": {
        "@odata.id": "/redfish/v1/TaskService"
    },
    "TelemetryService": {
        "@odata.id": "/redfish/v1/TelemetryService"
    },
    "UUID": "ce8a533f-1ab6-5bd8-b64f-66c8571366cc",
    "UpdateService": {
        "@odata.id": "/redfish/v1/UpdateService"
    },
    "Vendor": "HPE"
}