{
    "@odata.context": "/redfish/v1/$metadata#JsonSchemaFile.JsonSchemaFile",
    "@odata.etag": "W/\"4C178504\"",
    "@odata.id": "/redfish/v1/JsonSchemas/HpeESKM",
    "@odata.type": "#JsonSchemaFile.v1_0_4.JsonSchemaFile",
    "Id": "HpeESKM",
    "Description": "Schema Definition File for HpeESKM",
    "Languages": [
        "en"
    ],
    "Location": [
        {
            "Language": "en",
            "Uri": "/redfish/v1/SchemaStore/en/HpeESKM.json"
        }
    ],
    "Name": "HpeESKM Schema Definition File",
    "Schema": "#HpeESKM.v2_0_0.HpeESKM"
}