{
    "@odata.context": "/redfish/v1/$metadata#JsonSchemaFile.JsonSchemaFile",
    "@odata.etag": "W/\"C421D4B3\"",
    "@odata.id": "/redfish/v1/JsonSchemas/HpeMemoryChunksExt",
    "@odata.type": "#JsonSchemaFile.v1_0_4.JsonSchemaFile",
    "Id": "HpeMemoryChunksExt",
    "Description": "Schema Definition File for HpeMemoryChunksExt",
    "Languages": [
        "en"
    ],
    "Location": [
        {
            "Language": "en",
            "Uri": "/redfish/v1/SchemaStore/en/HpeMemoryChunksExt.json"
        }
    ],
    "Name": "HpeMemoryChunksExt Schema Definition File",
    "Schema": "#HpeMemoryChunksExt.v2_1_0.HpeMemoryChunksExt"
}