{
    "@odata.context": "/redfish/v1/$metadata#HpeDirectoryTest.HpeDirectoryTest",
    "@odata.etag": "W/\"6B3F28F1\"",
    "@odata.id": "/redfish/v1/AccountService/DirectoryTest",
    "@odata.type": "#HpeDirectoryTest.v1_0_0.HpeDirectoryTest",
    "Id": "DirectoryTest",
    "Actions": {
        "#HpeDirectoryTest.StartTest": {
            "target": "/redfish/v1/AccountService/DirectoryTest/Actions/HpeDirectoryTest.StartTest"
        },
        "#HpeDirectoryTest.StopTest": {
            "target": "/redfish/v1/AccountService/DirectoryTest/Actions/HpeDirectoryTest.StopTest"
        }
    },
    "OverallStatus": "NotRun",
    "TestResults": [
        {
            "Notes": "",
            "Status": "NotRun",
            "TestName": "Directory Server DNS Name"
        },
        {
            "Notes": "",
            "Status": "NotRun",
            "TestName": "Ping Directory Server"
        },
        {
            "Notes": "",
            "Status": "NotRun",
            "TestName": "Connect to Directory Server"
        },
        {
            "Notes": "",
            "Status": "NotRun",
            "TestName": "Connect using SSL"
        },
        {
            "Notes": "",
            "Status": "NotRun",
            "TestName": "Bind to Directory Server"
        },
        {
            "Notes": "",
            "Status": "NotRun",
            "TestName": "Directory Administrator login"
        },
        {
            "Notes": "",
            "Status": "NotRun",
            "TestName": "User Authentication"
        },
        {
            "Notes": "",
            "Status": "NotRun",
            "TestName": "User Authorization"
        },
        {
            "Notes": "",
            "Status": "NotRun",
            "TestName": "Directory User Contexts"
        },
        {
            "Notes": "",
            "Status": "NotRun",
            "TestName": "LOM Object exists"
        }
    ]
}