{
    "@odata.context": "/redfish/v1/$metadata#ManagerAccount.ManagerAccount",
    "@odata.etag": "W/\"4F7A7E15\"",
    "@odata.id": "/redfish/v1/AccountService/Accounts/3",
    "@odata.type": "#ManagerAccount.v1_3_0.ManagerAccount",
    "Id": "3",
    "Description": "iLO User Account",
    "Links": {
        "Role": {
            "@odata.id": "/redfish/v1/AccountService/Roles/ReadOnly"
        }
    },
    "Name": "User Account",
    "Oem": {
        "Hpe": {
            "@odata.context": "/redfish/v1/$metadata#HpeiLOAccount.HpeiLOAccount",
            "@odata.type": "#HpeiLOAccount.v2_2_0.HpeiLOAccount",
            "LoginName": "user",
            "Privileges": {
                "HostBIOSConfigPriv": false,
                "HostNICConfigPriv": false,
                "HostStorageConfigPriv": false,
                "LoginPriv": true,
                "RemoteConsolePriv": false,
                "SystemRecoveryConfigPriv": false,
                "UserConfigPriv": false,
                "VirtualMediaPriv": false,
                "VirtualPowerAndResetPriv": false,
                "iLOConfigPriv": false
            },
            "ServiceAccount": false
        }
    },
    "Password": null,
    "PasswordChangeRequired": false,
    "RoleId": "ReadOnly",
    "UserName": "user"
}