{
    "@odata.context": "/redfish/v1/$metadata#JsonSchemaFile.JsonSchemaFile",
    "@odata.etag": "W/\"B23E4374\"",
    "@odata.id": "/redfish/v1/JsonSchemas/Bios.v1_0_0.Bios",
    "@odata.type": "#JsonSchemaFile.v1_0_4.JsonSchemaFile",
    "Id": "Bios.v1_0_0.Bios",
    "Description": "Schema Definition File for #Bios.v1_0_0.Bios",
    "Languages": [
        "en"
    ],
    "Location": [
        {
            "Language": "en",
            "Uri": "/redfish/v1/schemastore/en/bios.v1_0_0.json"
        }
    ],
    "Name": "#Bios.v1_0_0.Bios Schema Definition File",
    "Schema": "#Bios.v1_0_0.Bios"
}