{
    "@odata.context": "/redfish/v1/$metadata#JsonSchemaFile.JsonSchemaFile",
    "@odata.etag": "W/\"0115846C\"",
    "@odata.id": "/redfish/v1/JsonSchemas/HpeComponentInstallSet",
    "@odata.type": "#JsonSchemaFile.v1_0_4.JsonSchemaFile",
    "Id": "HpeComponentInstallSet",
    "Description": "Schema Definition File for HpeComponentInstallSet",
    "Languages": [
        "en"
    ],
    "Location": [
        {
            "Language": "en",
            "Uri": "/redfish/v1/SchemaStore/en/HpeComponentInstallSet.json"
        }
    ],
    "Name": "HpeComponentInstallSet Schema Definition File",
    "Schema": "#HpeComponentInstallSet.v1_1_0.HpeComponentInstallSet"
}