{
    "@odata.context": "/redfish/v1/$metadata#JsonSchemaFile.JsonSchemaFile",
    "@odata.etag": "W/\"E6FE8BC9\"",
    "@odata.id": "/redfish/v1/JsonSchemas/HpeSecureEraseReportService",
    "@odata.type": "#JsonSchemaFile.v1_0_4.JsonSchemaFile",
    "Id": "HpeSecureEraseReportService",
    "Description": "Schema Definition File for HpeSecureEraseReportService",
    "Languages": [
        "en"
    ],
    "Location": [
        {
            "Language": "en",
            "Uri": "/redfish/v1/SchemaStore/en/HpeSecureEraseReportService.json"
        }
    ],
    "Name": "HpeSecureEraseReportService Schema Definition File",
    "Schema": "#HpeSecureEraseReportService.v1_0_0.HpeSecureEraseReportService"
}