{
    "@odata.context": "/redfish/v1/$metadata#JsonSchemaFile.JsonSchemaFile",
    "@odata.etag": "W/\"1BC84638\"",
    "@odata.id": "/redfish/v1/JsonSchemas/HpeServerAccPowerService",
    "@odata.type": "#JsonSchemaFile.v1_0_4.JsonSchemaFile",
    "Id": "HpeServerAccPowerService",
    "Description": "Schema Definition File for HpeServerAccPowerService",
    "Languages": [
        "en"
    ],
    "Location": [
        {
            "Language": "en",
            "Uri": "/redfish/v1/SchemaStore/en/HpeServerAccPowerService.json"
        }
    ],
    "Name": "HpeServerAccPowerService Schema Definition File",
    "Schema": "#HpeServerAccPowerService.v1_0_0.HpeServerAccPowerService"
}