{
    "@odata.context": "/redfish/v1/$metadata#JsonSchemaFile.JsonSchemaFile",
    "@odata.etag": "W/\"0DDD2509\"",
    "@odata.id": "/redfish/v1/JsonSchemas/HpeBiosMapping.v2_0_0.HpeBiosMapping",
    "@odata.type": "#JsonSchemaFile.v1_0_4.JsonSchemaFile",
    "Id": "HpeBiosMapping.v2_0_0.HpeBiosMapping",
    "Description": "Schema Definition File for #HpeBiosMapping.v2_0_0.HpeBiosMapping",
    "Languages": [
        "en"
    ],
    "Location": [
        {
            "Language": "en",
            "Uri": "/redfish/v1/schemastore/en/hpebiosmapping.v2_0_0.json"
        }
    ],
    "Name": "#HpeBiosMapping.v2_0_0.HpeBiosMapping Schema Definition File",
    "Schema": "#HpeBiosMapping.v2_0_0.HpeBiosMapping"
}