{
    "@odata.context": "/redfish/v1/$metadata#JsonSchemaFile.JsonSchemaFile",
    "@odata.etag": "W/\"2E698621\"",
    "@odata.id": "/redfish/v1/JsonSchemas/HpeServerAccHddService",
    "@odata.type": "#JsonSchemaFile.v1_0_4.JsonSchemaFile",
    "Id": "HpeServerAccHddService",
    "Description": "Schema Definition File for HpeServerAccHddService",
    "Languages": [
        "en"
    ],
    "Location": [
        {
            "Language": "en",
            "Uri": "/redfish/v1/SchemaStore/en/HpeServerAccHddService.json"
        }
    ],
    "Name": "HpeServerAccHddService Schema Definition File",
    "Schema": "#HpeServerAccHddService.v1_0_0.HpeServerAccHddService"
}